dataset_name,fda_name,num_clients,batch_size,num_steps_until_rtc_check,theta,nn_num_weights,sketch_width,sketch_depth,epoch,round,total_fda_steps,est_var,actual_var
EMNIST,naive,25,128,1,0.5,2592202,-1,-1,1,1,10,0.5615819692611694,0.5230312943458557
EMNIST,naive,25,128,1,0.5,2592202,-1,-1,1,2,16,0.726371705532074,0.5893813371658325
EMNIST,naive,25,128,1,0.5,2592202,-1,-1,2,3,19,0.587851881980896,0.4008219540119171
EMNIST,naive,25,128,1,0.5,2592202,-1,-1,2,4,21,0.6242262721061707,0.4234532415866852
EMNIST,naive,25,128,1,0.5,2592202,-1,-1,2,5,23,0.9178192019462585,0.7543139457702637
EMNIST,naive,25,128,1,0.5,2592202,-1,-1,2,6,25,0.8955360651016235,0.7837954163551331
EMNIST,naive,25,128,1,0.5,2592202,-1,-1,2,7,27,0.9751526117324829,0.7945013642311096
EMNIST,naive,25,128,1,0.5,2592202,-1,-1,2,8,29,0.817362368106842,0.7152054309844971
EMNIST,naive,25,128,1,0.5,2592202,-1,-1,2,9,31,0.6978394389152527,0.6205340027809143
EMNIST,naive,25,128,1,0.5,2592202,-1,-1,2,10,33,0.6954203844070435,0.549772322177887
EMNIST,naive,25,128,1,0.5,2592202,-1,-1,2,11,35,0.8694558143615723,0.513009786605835
EMNIST,naive,25,128,1,0.5,2592202,-1,-1,2,12,37,1.2875933647155762,0.4903832972049713
EMNIST,naive,25,128,1,0.5,2592202,-1,-1,3,13,39,1.3415049314498901,0.584444522857666
EMNIST,naive,25,128,1,0.5,2592202,-1,-1,3,14,41,1.0004034042358398,0.5513854026794434
EMNIST,naive,25,128,1,0.5,2592202,-1,-1,3,15,43,0.6913358569145203,0.4424990713596344
EMNIST,naive,25,128,1,0.5,2592202,-1,-1,3,16,45,0.9346883893013,0.6886963844299316
EMNIST,naive,25,128,1,0.5,2592202,-1,-1,3,17,47,0.9416692852973938,0.5485877990722656
EMNIST,naive,25,128,1,0.5,2592202,-1,-1,3,18,49,0.7422425150871277,0.3578718900680542
EMNIST,naive,25,128,1,0.5,2592202,-1,-1,3,19,51,0.7828078269958496,0.332905650138855
EMNIST,naive,25,128,1,0.5,2592202,-1,-1,3,20,53,0.9990536570549011,0.34919020533561707
EMNIST,naive,25,128,1,0.5,2592202,-1,-1,3,21,55,1.1431368589401245,0.3668527901172638
EMNIST,naive,25,128,1,0.5,2592202,-1,-1,4,22,57,1.263972520828247,0.446899950504303
EMNIST,naive,25,128,1,0.5,2592202,-1,-1,4,23,59,1.201682686805725,0.5432313680648804
EMNIST,naive,25,128,1,0.5,2592202,-1,-1,4,24,61,1.0359002351760864,0.6443062424659729
EMNIST,naive,25,128,1,0.5,2592202,-1,-1,4,25,63,0.9892480373382568,0.658871054649353
EMNIST,naive,25,128,1,0.5,2592202,-1,-1,4,26,65,0.9400906562805176,0.6280160546302795
EMNIST,naive,25,128,1,0.5,2592202,-1,-1,4,27,67,0.8253836631774902,0.5430694818496704
EMNIST,naive,25,128,1,0.5,2592202,-1,-1,4,28,69,0.7450259923934937,0.4899188280105591
EMNIST,naive,25,128,1,0.5,2592202,-1,-1,4,29,71,0.7049092650413513,0.45632657408714294
EMNIST,naive,25,128,1,0.5,2592202,-1,-1,4,30,73,0.7401102185249329,0.47794318199157715
EMNIST,naive,25,128,1,0.5,2592202,-1,-1,5,31,75,0.8060964345932007,0.537442147731781
EMNIST,naive,25,128,1,0.5,2592202,-1,-1,5,32,77,0.8909541964530945,0.602475106716156
EMNIST,naive,25,128,1,0.5,2592202,-1,-1,5,33,79,0.9957197308540344,0.6611167192459106
EMNIST,naive,25,128,1,0.5,2592202,-1,-1,5,34,81,1.0266627073287964,0.6464629173278809
EMNIST,naive,25,128,1,0.5,2592202,-1,-1,5,35,83,1.0231174230575562,0.6369296312332153
EMNIST,naive,25,128,1,0.5,2592202,-1,-1,5,36,85,1.038875699043274,0.6386119723320007
EMNIST,naive,25,128,1,0.5,2592202,-1,-1,5,37,87,1.0583499670028687,0.6623061895370483
EMNIST,naive,25,128,1,0.5,2592202,-1,-1,5,38,89,1.0597901344299316,0.6614279747009277
EMNIST,naive,25,128,1,0.5,2592202,-1,-1,5,39,91,1.0655581951141357,0.6725025773048401
EMNIST,naive,25,128,1,0.5,2592202,-1,-1,5,40,93,1.0312577486038208,0.670911431312561
EMNIST,naive,25,128,1,0.5,2592202,-1,-1,6,41,95,0.9924110174179077,0.6593961119651794
EMNIST,naive,25,128,1,0.5,2592202,-1,-1,6,42,97,0.9113734364509583,0.6129589080810547
EMNIST,naive,25,128,1,0.5,2592202,-1,-1,6,43,99,0.8660910129547119,0.5813565254211426
EMNIST,naive,25,128,1,0.5,2592202,-1,-1,6,44,101,0.835405707359314,0.59234619140625
EMNIST,naive,25,128,1,0.5,2592202,-1,-1,6,45,103,0.8319311738014221,0.6003202795982361
EMNIST,naive,25,128,1,0.5,2592202,-1,-1,6,46,105,0.8424844145774841,0.6177661418914795
EMNIST,naive,25,128,1,0.5,2592202,-1,-1,6,47,107,0.7864733338356018,0.5875081419944763
EMNIST,naive,25,128,1,0.5,2592202,-1,-1,6,48,109,0.7461800575256348,0.5617196559906006
EMNIST,naive,25,128,1,0.5,2592202,-1,-1,6,49,111,0.7188481688499451,0.5300015807151794
EMNIST,naive,25,128,1,0.5,2592202,-1,-1,7,50,113,0.6971304416656494,0.5253087282180786
EMNIST,naive,25,128,1,0.5,2592202,-1,-1,7,51,115,0.6982331871986389,0.5322149991989136
EMNIST,naive,25,128,1,0.5,2592202,-1,-1,7,52,117,0.7101742625236511,0.5551512241363525
EMNIST,naive,25,128,1,0.5,2592202,-1,-1,7,53,119,0.7058383822441101,0.5659910440444946
EMNIST,naive,25,128,1,0.5,2592202,-1,-1,7,54,121,0.6937407851219177,0.5587612390518188
EMNIST,naive,25,128,1,0.5,2592202,-1,-1,7,55,123,0.6809371113777161,0.5578051209449768
EMNIST,naive,25,128,1,0.5,2592202,-1,-1,7,56,125,0.6619293093681335,0.5354976654052734
EMNIST,naive,25,128,1,0.5,2592202,-1,-1,7,57,127,0.6806430816650391,0.5514072179794312
EMNIST,naive,25,128,1,0.5,2592202,-1,-1,7,58,129,0.6601266264915466,0.5421127080917358
EMNIST,naive,25,128,1,0.5,2592202,-1,-1,7,59,131,0.6523138284683228,0.5394905209541321
EMNIST,naive,25,128,1,0.5,2592202,-1,-1,8,60,133,0.6534764766693115,0.5475091934204102
EMNIST,naive,25,128,1,0.5,2592202,-1,-1,8,61,135,0.6424059867858887,0.5452553629875183
EMNIST,naive,25,128,1,0.5,2592202,-1,-1,8,62,137,0.6360783576965332,0.5432774424552917
EMNIST,naive,25,128,1,0.5,2592202,-1,-1,8,63,139,0.6115056872367859,0.5235037207603455
EMNIST,naive,25,128,1,0.5,2592202,-1,-1,8,64,141,0.6262828707695007,0.5377742648124695
EMNIST,naive,25,128,1,0.5,2592202,-1,-1,8,65,143,0.6172665357589722,0.5309890508651733
EMNIST,naive,25,128,1,0.5,2592202,-1,-1,8,66,145,0.6246234774589539,0.5429757833480835
EMNIST,naive,25,128,1,0.5,2592202,-1,-1,8,67,147,0.6248320937156677,0.5479843616485596
EMNIST,naive,25,128,1,0.5,2592202,-1,-1,8,68,149,0.6120062470436096,0.5406639575958252
EMNIST,naive,25,128,1,0.5,2592202,-1,-1,9,69,151,0.6130338311195374,0.5413023233413696
EMNIST,naive,25,128,1,0.5,2592202,-1,-1,9,70,153,0.605973482131958,0.5381267070770264
EMNIST,naive,25,128,1,0.5,2592202,-1,-1,9,71,155,0.6120847463607788,0.5393531918525696
EMNIST,naive,25,128,1,0.5,2592202,-1,-1,9,72,157,0.6207226514816284,0.5498211979866028
EMNIST,naive,25,128,1,0.5,2592202,-1,-1,9,73,159,0.6102914214134216,0.5414652824401855
EMNIST,naive,25,128,1,0.5,2592202,-1,-1,9,74,161,0.5889451503753662,0.5290789604187012
EMNIST,naive,25,128,1,0.5,2592202,-1,-1,9,75,163,0.5899146795272827,0.530362069606781
EMNIST,naive,25,128,1,0.5,2592202,-1,-1,9,76,165,0.5891101956367493,0.5326679348945618
EMNIST,naive,25,128,1,0.5,2592202,-1,-1,9,77,167,0.5873285531997681,0.5309619307518005
EMNIST,naive,25,128,1,0.5,2592202,-1,-1,10,78,169,0.5789521932601929,0.5239229202270508
EMNIST,naive,25,128,1,0.5,2592202,-1,-1,10,79,171,0.587054431438446,0.5346561074256897
EMNIST,naive,25,128,1,0.5,2592202,-1,-1,10,80,173,0.5927480459213257,0.5424129366874695
EMNIST,naive,25,128,1,0.5,2592202,-1,-1,10,81,175,0.6032744646072388,0.5554239153862
EMNIST,naive,25,128,1,0.5,2592202,-1,-1,10,82,177,0.5958698391914368,0.5494697093963623
EMNIST,naive,25,128,1,0.5,2592202,-1,-1,10,83,179,0.5987955331802368,0.5500594973564148
EMNIST,naive,25,128,1,0.5,2592202,-1,-1,10,84,181,0.5732885599136353,0.522649884223938
EMNIST,naive,25,128,1,0.5,2592202,-1,-1,10,85,183,0.5712974667549133,0.526540994644165
EMNIST,naive,25,128,1,0.5,2592202,-1,-1,10,86,185,0.5605356097221375,0.5171542763710022
EMNIST,naive,25,128,1,0.5,2592202,-1,-1,10,87,187,0.5643141269683838,0.5172972083091736
EMNIST,naive,25,128,1,0.5,2592202,-1,-1,11,88,189,0.5671612024307251,0.5220600366592407
EMNIST,naive,25,128,1,0.5,2592202,-1,-1,11,89,191,0.5557596683502197,0.5121772289276123
EMNIST,naive,25,128,1,0.5,2592202,-1,-1,11,90,193,0.5481253862380981,0.5052274465560913
EMNIST,naive,25,128,1,0.5,2592202,-1,-1,11,91,195,0.556614339351654,0.5100072026252747
EMNIST,naive,25,128,1,0.5,2592202,-1,-1,11,92,197,0.5233949422836304,0.4844951629638672
EMNIST,naive,25,128,1,0.5,2592202,-1,-1,11,93,199,0.5250584483146667,0.4844590425491333
EMNIST,naive,25,128,1,0.5,2592202,-1,-1,11,94,201,0.5133898258209229,0.47727710008621216
EMNIST,naive,25,128,1,0.5,2592202,-1,-1,11,95,203,0.5000229477882385,0.4629010260105133
EMNIST,naive,25,128,1,0.5,2592202,-1,-1,11,96,206,1.0126451253890991,0.9367294907569885
EMNIST,naive,25,128,1,0.5,2592202,-1,-1,12,97,209,0.9867827892303467,0.9167497158050537
EMNIST,naive,25,128,1,0.5,2592202,-1,-1,12,98,212,0.9846842288970947,0.9156420230865479
EMNIST,naive,25,128,1,0.5,2592202,-1,-1,12,99,215,0.9769160747528076,0.9045599102973938
EMNIST,naive,25,128,1,0.5,2592202,-1,-1,12,100,218,0.9385296702384949,0.8728904724121094
EMNIST,naive,25,128,1,0.5,2592202,-1,-1,12,101,221,0.8996682167053223,0.8379449248313904
EMNIST,naive,25,128,1,0.5,2592202,-1,-1,12,102,224,0.8670549988746643,0.8018401861190796
EMNIST,naive,25,128,1,0.5,2592202,-1,-1,13,103,227,0.8259345889091492,0.7707085609436035
EMNIST,naive,25,128,1,0.5,2592202,-1,-1,13,104,230,0.8213533163070679,0.7663401961326599
EMNIST,naive,25,128,1,0.5,2592202,-1,-1,13,105,233,0.8228053450584412,0.7696994543075562
EMNIST,naive,25,128,1,0.5,2592202,-1,-1,13,106,236,0.8013644218444824,0.749142587184906
EMNIST,naive,25,128,1,0.5,2592202,-1,-1,13,107,239,0.7972079515457153,0.7484490871429443
EMNIST,naive,25,128,1,0.5,2592202,-1,-1,13,108,242,0.7879719734191895,0.7422084212303162
EMNIST,naive,25,128,1,0.5,2592202,-1,-1,14,109,245,0.7861567139625549,0.7388761639595032
EMNIST,naive,25,128,1,0.5,2592202,-1,-1,14,110,248,0.752278745174408,0.7079058289527893
EMNIST,naive,25,128,1,0.5,2592202,-1,-1,14,111,251,0.7316635847091675,0.6913368701934814
EMNIST,naive,25,128,1,0.5,2592202,-1,-1,14,112,254,0.7432466149330139,0.7001662254333496
EMNIST,naive,25,128,1,0.5,2592202,-1,-1,14,113,257,0.7368826270103455,0.6974046230316162
EMNIST,naive,25,128,1,0.5,2592202,-1,-1,14,114,260,0.7166178822517395,0.6754223108291626
EMNIST,naive,25,128,1,0.5,2592202,-1,-1,15,115,263,0.7158941626548767,0.679221510887146
EMNIST,naive,25,128,1,0.5,2592202,-1,-1,15,116,266,0.7423637509346008,0.7034457325935364
EMNIST,naive,25,128,1,0.5,2592202,-1,-1,15,117,269,0.7447797656059265,0.7077563405036926
EMNIST,naive,25,128,1,0.5,2592202,-1,-1,15,118,272,0.7578133940696716,0.7189012765884399
EMNIST,naive,25,128,1,0.5,2592202,-1,-1,15,119,275,0.7338030338287354,0.6963580846786499
EMNIST,naive,25,128,1,0.5,2592202,-1,-1,15,120,278,0.7284895181655884,0.6947185397148132
EMNIST,naive,25,128,1,0.5,2592202,-1,-1,15,121,281,0.7040641903877258,0.6714730262756348
EMNIST,naive,25,128,1,0.5,2592202,-1,-1,16,122,284,0.7143650054931641,0.6811405420303345
EMNIST,naive,25,128,1,0.5,2592202,-1,-1,16,123,287,0.7446880340576172,0.7122194766998291
EMNIST,naive,25,128,1,0.5,2592202,-1,-1,16,124,290,0.7344024777412415,0.7018060088157654
EMNIST,naive,25,128,1,0.5,2592202,-1,-1,16,125,293,0.702500581741333,0.6684613823890686
EMNIST,naive,25,128,1,0.5,2592202,-1,-1,16,126,296,0.6888507008552551,0.6593959927558899
EMNIST,naive,25,128,1,0.5,2592202,-1,-1,16,127,299,0.7049744129180908,0.6724539399147034
EMNIST,naive,25,128,1,0.5,2592202,-1,-1,17,128,302,0.6954725384712219,0.6664207577705383
EMNIST,naive,25,128,1,0.5,2592202,-1,-1,17,129,305,0.6726270914077759,0.6410588026046753
EMNIST,naive,25,128,1,0.5,2592202,-1,-1,17,130,308,0.6900107860565186,0.6600180268287659
EMNIST,naive,25,128,1,0.5,2592202,-1,-1,17,131,311,0.7092620134353638,0.6774184703826904
EMNIST,naive,25,128,1,0.5,2592202,-1,-1,17,132,314,0.6675617098808289,0.638113260269165
EMNIST,naive,25,128,1,0.5,2592202,-1,-1,17,133,317,0.6667400598526001,0.6364949941635132
EMNIST,naive,25,128,1,0.5,2592202,-1,-1,18,134,320,0.7087045907974243,0.6763385534286499
EMNIST,naive,25,128,1,0.5,2592202,-1,-1,18,135,323,0.6735538244247437,0.6430789232254028
EMNIST,naive,25,128,1,0.5,2592202,-1,-1,18,136,326,0.6620128154754639,0.6314945816993713
EMNIST,naive,25,128,1,0.5,2592202,-1,-1,18,137,329,0.672576367855072,0.642699122428894
EMNIST,naive,25,128,1,0.5,2592202,-1,-1,18,138,332,0.6568764448165894,0.631468653678894
EMNIST,naive,25,128,1,0.5,2592202,-1,-1,18,139,335,0.6680769920349121,0.6408947110176086
EMNIST,naive,25,128,1,0.5,2592202,-1,-1,19,140,338,0.7082399129867554,0.6812793016433716
EMNIST,naive,25,128,1,0.5,2592202,-1,-1,19,141,341,0.6660006642341614,0.63997483253479
EMNIST,naive,25,128,1,0.5,2592202,-1,-1,19,142,344,0.6333681344985962,0.6088830232620239
EMNIST,naive,25,128,1,0.5,2592202,-1,-1,19,143,347,0.5812104940414429,0.5593363046646118
EMNIST,naive,25,128,1,0.5,2592202,-1,-1,19,144,350,0.617129921913147,0.5951902866363525
EMNIST,naive,25,128,1,0.5,2592202,-1,-1,19,145,353,0.6597319841384888,0.6368242502212524
EMNIST,naive,25,128,1,0.5,2592202,-1,-1,19,146,356,0.6480186581611633,0.6228045225143433
EMNIST,naive,25,128,1,0.5,2592202,-1,-1,20,147,359,0.618623673915863,0.5947554111480713
EMNIST,naive,25,128,1,0.5,2592202,-1,-1,20,148,362,0.610942542552948,0.5866628885269165
EMNIST,naive,25,128,1,0.5,2592202,-1,-1,20,149,365,0.572823166847229,0.5499830842018127
EMNIST,naive,25,128,1,0.5,2592202,-1,-1,20,150,368,0.5785248279571533,0.5568376779556274
EMNIST,naive,25,128,1,0.5,2592202,-1,-1,20,151,371,0.5805227160453796,0.5575733184814453
EMNIST,naive,25,128,1,0.5,2592202,-1,-1,20,152,374,0.6045933961868286,0.5813226103782654
EMNIST,naive,25,128,1,0.5,2592202,-1,-1,21,153,377,0.6360470056533813,0.6112479567527771
EMNIST,naive,25,128,1,0.5,2592202,-1,-1,21,154,380,0.5906792283058167,0.5670840740203857
EMNIST,naive,25,128,1,0.5,2592202,-1,-1,21,155,383,0.6214727759361267,0.5980812311172485
EMNIST,naive,25,128,1,0.5,2592202,-1,-1,21,156,386,0.6895419955253601,0.662507176399231
EMNIST,naive,25,128,1,0.5,2592202,-1,-1,21,157,389,0.6713834404945374,0.6439486145973206
EMNIST,naive,25,128,1,0.5,2592202,-1,-1,21,158,392,0.6577741503715515,0.6322383284568787
EMNIST,naive,25,128,1,0.5,2592202,-1,-1,22,159,395,0.6072044372558594,0.5830371975898743
EMNIST,naive,25,128,1,0.5,2592202,-1,-1,22,160,398,0.5640761256217957,0.5429521799087524
EMNIST,naive,25,128,1,0.5,2592202,-1,-1,22,161,401,0.5543447732925415,0.5347124338150024
EMNIST,naive,25,128,1,0.5,2592202,-1,-1,22,162,404,0.5916798114776611,0.5679762363433838
EMNIST,naive,25,128,1,0.5,2592202,-1,-1,22,163,407,0.5804055333137512,0.5587671399116516
EMNIST,naive,25,128,1,0.5,2592202,-1,-1,22,164,410,0.5890855193138123,0.5657495260238647
EMNIST,naive,25,128,1,0.5,2592202,-1,-1,23,165,413,0.6093918085098267,0.584831714630127
EMNIST,naive,25,128,1,0.5,2592202,-1,-1,23,166,416,0.5879963040351868,0.5677424073219299
EMNIST,naive,25,128,1,0.5,2592202,-1,-1,23,167,419,0.6234663128852844,0.599737286567688
EMNIST,naive,25,128,1,0.5,2592202,-1,-1,23,168,422,0.6349086165428162,0.6099268198013306
EMNIST,naive,25,128,1,0.5,2592202,-1,-1,23,169,425,0.6227380633354187,0.5993188619613647
EMNIST,naive,25,128,1,0.5,2592202,-1,-1,23,170,428,0.5868713855743408,0.5617179870605469
EMNIST,naive,25,128,1,0.5,2592202,-1,-1,23,171,431,0.5268779993057251,0.5058743357658386
EMNIST,naive,25,128,1,0.5,2592202,-1,-1,24,172,434,0.5139530301094055,0.4938565790653229
EMNIST,naive,25,128,1,0.5,2592202,-1,-1,24,173,437,0.5014732480049133,0.4837566018104553
EMNIST,naive,25,128,1,0.5,2592202,-1,-1,24,174,440,0.519035279750824,0.4990393817424774
EMNIST,naive,25,128,1,0.5,2592202,-1,-1,24,175,443,0.5053220391273499,0.48774948716163635
EMNIST,naive,25,128,1,0.5,2592202,-1,-1,24,176,446,0.5094351768493652,0.4915606677532196
EMNIST,naive,25,128,1,0.5,2592202,-1,-1,25,177,450,0.8278177380561829,0.799788236618042
EMNIST,naive,25,128,1,0.5,2592202,-1,-1,25,178,453,0.534390926361084,0.5134260058403015
EMNIST,naive,25,128,1,0.5,2592202,-1,-1,25,179,456,0.5427072644233704,0.5246819257736206
EMNIST,naive,25,128,1,0.5,2592202,-1,-1,25,180,459,0.5542585253715515,0.534106433391571
EMNIST,naive,25,128,1,0.5,2592202,-1,-1,25,181,462,0.5099613070487976,0.4926793575286865
EMNIST,naive,25,128,1,0.5,2592202,-1,-1,25,182,465,0.5171027779579163,0.49761390686035156
EMNIST,naive,25,128,1,0.5,2592202,-1,-1,25,183,468,0.5434675812721252,0.5222223401069641
EMNIST,naive,25,128,1,0.5,2592202,-1,-1,26,184,469,0.06625625491142273,0.06334393471479416
EMNIST,linear,25,128,1,0.5,2592202,-1,-1,1,1,10,0.5563762784004211,0.515350878238678
EMNIST,linear,25,128,1,0.5,2592202,-1,-1,1,2,16,0.6710023283958435,0.6102231740951538
EMNIST,linear,25,128,1,0.5,2592202,-1,-1,2,3,20,0.8969609141349792,0.8238635063171387
EMNIST,linear,25,128,1,0.5,2592202,-1,-1,2,4,22,0.5782136917114258,0.5596674084663391
EMNIST,linear,25,128,1,0.5,2592202,-1,-1,2,5,24,0.755824625492096,0.7382234334945679
EMNIST,linear,25,128,1,0.5,2592202,-1,-1,2,6,26,0.812441885471344,0.7832899689674377
EMNIST,linear,25,128,1,0.5,2592202,-1,-1,2,7,28,0.7764890789985657,0.7609496116638184
EMNIST,linear,25,128,1,0.5,2592202,-1,-1,2,8,30,0.7733156085014343,0.7407823204994202
EMNIST,linear,25,128,1,0.5,2592202,-1,-1,2,9,32,0.8097311854362488,0.7298391461372375
EMNIST,linear,25,128,1,0.5,2592202,-1,-1,2,10,34,0.7906477451324463,0.7232919931411743
EMNIST,linear,25,128,1,0.5,2592202,-1,-1,2,11,36,0.8507137298583984,0.7735024094581604
EMNIST,linear,25,128,1,0.5,2592202,-1,-1,3,12,38,0.6825312376022339,0.5980888605117798
EMNIST,linear,25,128,1,0.5,2592202,-1,-1,3,13,40,0.9929733872413635,0.8363220691680908
EMNIST,linear,25,128,1,0.5,2592202,-1,-1,3,14,42,0.9710502624511719,0.8509118556976318
EMNIST,linear,25,128,1,0.5,2592202,-1,-1,3,15,44,1.0984818935394287,0.8999311327934265
EMNIST,linear,25,128,1,0.5,2592202,-1,-1,3,16,47,0.9723548889160156,0.6469491720199585
EMNIST,linear,25,128,1,0.5,2592202,-1,-1,3,17,49,0.5952332019805908,0.521480917930603
EMNIST,linear,25,128,1,0.5,2592202,-1,-1,3,18,51,0.6292306780815125,0.4722096920013428
EMNIST,linear,25,128,1,0.5,2592202,-1,-1,3,19,54,1.040399432182312,0.6347360014915466
EMNIST,linear,25,128,1,0.5,2592202,-1,-1,4,20,57,1.001376748085022,0.7208357453346252
EMNIST,linear,25,128,1,0.5,2592202,-1,-1,4,21,59,0.5425429344177246,0.4433867931365967
EMNIST,linear,25,128,1,0.5,2592202,-1,-1,4,22,61,0.6477982401847839,0.5343311429023743
EMNIST,linear,25,128,1,0.5,2592202,-1,-1,4,23,63,0.7094143629074097,0.588579535484314
EMNIST,linear,25,128,1,0.5,2592202,-1,-1,4,24,65,0.7093392610549927,0.6576036810874939
EMNIST,linear,25,128,1,0.5,2592202,-1,-1,4,25,67,0.7443146705627441,0.6806094646453857
EMNIST,linear,25,128,1,0.5,2592202,-1,-1,4,26,69,0.7363150119781494,0.673818826675415
EMNIST,linear,25,128,1,0.5,2592202,-1,-1,4,27,71,0.7163644433021545,0.6532091498374939
EMNIST,linear,25,128,1,0.5,2592202,-1,-1,4,28,73,0.6824198961257935,0.6448777914047241
EMNIST,linear,25,128,1,0.5,2592202,-1,-1,5,29,75,0.7105859518051147,0.6541463732719421
EMNIST,linear,25,128,1,0.5,2592202,-1,-1,5,30,77,0.7126820683479309,0.6523134112358093
EMNIST,linear,25,128,1,0.5,2592202,-1,-1,5,31,79,0.7152061462402344,0.6580358743667603
EMNIST,linear,25,128,1,0.5,2592202,-1,-1,5,32,81,0.6981903314590454,0.633833646774292
EMNIST,linear,25,128,1,0.5,2592202,-1,-1,5,33,83,0.6782619953155518,0.6225274801254272
EMNIST,linear,25,128,1,0.5,2592202,-1,-1,5,34,85,0.6511667966842651,0.6091752648353577
EMNIST,linear,25,128,1,0.5,2592202,-1,-1,5,35,87,0.6152446269989014,0.570649266242981
EMNIST,linear,25,128,1,0.5,2592202,-1,-1,5,36,89,0.5612280368804932,0.5290331840515137
EMNIST,linear,25,128,1,0.5,2592202,-1,-1,5,37,91,0.5568690299987793,0.5170638561248779
EMNIST,linear,25,128,1,0.5,2592202,-1,-1,5,38,93,0.5886009931564331,0.5434434413909912
EMNIST,linear,25,128,1,0.5,2592202,-1,-1,6,39,95,0.6145498752593994,0.5570854544639587
EMNIST,linear,25,128,1,0.5,2592202,-1,-1,6,40,97,0.5626705288887024,0.5429180264472961
EMNIST,linear,25,128,1,0.5,2592202,-1,-1,6,41,99,0.555669903755188,0.5323070883750916
EMNIST,linear,25,128,1,0.5,2592202,-1,-1,6,42,101,0.5631003379821777,0.5290619134902954
EMNIST,linear,25,128,1,0.5,2592202,-1,-1,6,43,103,0.5577564239501953,0.5296030640602112
EMNIST,linear,25,128,1,0.5,2592202,-1,-1,6,44,105,0.5345754623413086,0.5165523886680603
EMNIST,linear,25,128,1,0.5,2592202,-1,-1,6,45,107,0.5547236204147339,0.5266719460487366
EMNIST,linear,25,128,1,0.5,2592202,-1,-1,6,46,109,0.5476208925247192,0.5285837054252625
EMNIST,linear,25,128,1,0.5,2592202,-1,-1,6,47,111,0.5371153950691223,0.5215342044830322
EMNIST,linear,25,128,1,0.5,2592202,-1,-1,7,48,113,0.5368213653564453,0.5160526037216187
EMNIST,linear,25,128,1,0.5,2592202,-1,-1,7,49,115,0.545617401599884,0.5286089181900024
EMNIST,linear,25,128,1,0.5,2592202,-1,-1,7,50,117,0.568465530872345,0.5486420392990112
EMNIST,linear,25,128,1,0.5,2592202,-1,-1,7,51,119,0.5891965627670288,0.5645782351493835
EMNIST,linear,25,128,1,0.5,2592202,-1,-1,7,52,121,0.5791925191879272,0.5608529448509216
EMNIST,linear,25,128,1,0.5,2592202,-1,-1,7,53,123,0.5813125967979431,0.5572099685668945
EMNIST,linear,25,128,1,0.5,2592202,-1,-1,7,54,125,0.57557213306427,0.5552499890327454
EMNIST,linear,25,128,1,0.5,2592202,-1,-1,7,55,127,0.5651889443397522,0.5455062389373779
EMNIST,linear,25,128,1,0.5,2592202,-1,-1,7,56,129,0.5775495767593384,0.5513079166412354
EMNIST,linear,25,128,1,0.5,2592202,-1,-1,7,57,131,0.5686189532279968,0.5466611385345459
EMNIST,linear,25,128,1,0.5,2592202,-1,-1,8,58,133,0.5664909482002258,0.5507798194885254
EMNIST,linear,25,128,1,0.5,2592202,-1,-1,8,59,135,0.5585801005363464,0.5449783802032471
EMNIST,linear,25,128,1,0.5,2592202,-1,-1,8,60,137,0.5567191243171692,0.5377793312072754
EMNIST,linear,25,128,1,0.5,2592202,-1,-1,8,61,139,0.5720400214195251,0.5583249926567078
EMNIST,linear,25,128,1,0.5,2592202,-1,-1,8,62,141,0.5959854125976562,0.5710418224334717
EMNIST,linear,25,128,1,0.5,2592202,-1,-1,8,63,143,0.6296058893203735,0.6103988885879517
EMNIST,linear,25,128,1,0.5,2592202,-1,-1,8,64,145,0.5789183378219604,0.5661125779151917
EMNIST,linear,25,128,1,0.5,2592202,-1,-1,8,65,147,0.5657536387443542,0.5497555136680603
EMNIST,linear,25,128,1,0.5,2592202,-1,-1,8,66,149,0.5551920533180237,0.5403321981430054
EMNIST,linear,25,128,1,0.5,2592202,-1,-1,9,67,151,0.5485020875930786,0.5302387475967407
EMNIST,linear,25,128,1,0.5,2592202,-1,-1,9,68,153,0.5480936169624329,0.5363271832466125
EMNIST,linear,25,128,1,0.5,2592202,-1,-1,9,69,155,0.5328933000564575,0.5240739583969116
EMNIST,linear,25,128,1,0.5,2592202,-1,-1,9,70,157,0.55290287733078,0.5406185388565063
EMNIST,linear,25,128,1,0.5,2592202,-1,-1,9,71,159,0.5786349773406982,0.5638856887817383
EMNIST,linear,25,128,1,0.5,2592202,-1,-1,9,72,161,0.5732707977294922,0.5607883334159851
EMNIST,linear,25,128,1,0.5,2592202,-1,-1,9,73,163,0.6022853255271912,0.5870458483695984
EMNIST,linear,25,128,1,0.5,2592202,-1,-1,9,74,165,0.5989347696304321,0.5857746005058289
EMNIST,linear,25,128,1,0.5,2592202,-1,-1,9,75,167,0.5853549838066101,0.5697084665298462
EMNIST,linear,25,128,1,0.5,2592202,-1,-1,10,76,169,0.5439654588699341,0.5320772528648376
EMNIST,linear,25,128,1,0.5,2592202,-1,-1,10,77,171,0.5587784647941589,0.544660747051239
EMNIST,linear,25,128,1,0.5,2592202,-1,-1,10,78,173,0.5543981790542603,0.5447605848312378
EMNIST,linear,25,128,1,0.5,2592202,-1,-1,10,79,175,0.5337876677513123,0.5236178636550903
EMNIST,linear,25,128,1,0.5,2592202,-1,-1,10,80,177,0.5330226421356201,0.5224897265434265
EMNIST,linear,25,128,1,0.5,2592202,-1,-1,10,81,179,0.5598917007446289,0.54686439037323
EMNIST,linear,25,128,1,0.5,2592202,-1,-1,10,82,181,0.5551064014434814,0.5472121238708496
EMNIST,linear,25,128,1,0.5,2592202,-1,-1,10,83,183,0.5376495718955994,0.5326912999153137
EMNIST,linear,25,128,1,0.5,2592202,-1,-1,10,84,185,0.5197998881340027,0.5113691091537476
EMNIST,linear,25,128,1,0.5,2592202,-1,-1,10,85,187,0.5343615412712097,0.5224981904029846
EMNIST,linear,25,128,1,0.5,2592202,-1,-1,11,86,189,0.5237835645675659,0.5144222378730774
EMNIST,linear,25,128,1,0.5,2592202,-1,-1,11,87,191,0.513229489326477,0.5074654221534729
EMNIST,linear,25,128,1,0.5,2592202,-1,-1,11,88,193,0.5199588537216187,0.5104073286056519
EMNIST,linear,25,128,1,0.5,2592202,-1,-1,11,89,195,0.5249887108802795,0.5176560878753662
EMNIST,linear,25,128,1,0.5,2592202,-1,-1,11,90,197,0.5175334215164185,0.5117212533950806
EMNIST,linear,25,128,1,0.5,2592202,-1,-1,11,91,199,0.528324544429779,0.5214611291885376
EMNIST,linear,25,128,1,0.5,2592202,-1,-1,11,92,201,0.5138050317764282,0.508279025554657
EMNIST,linear,25,128,1,0.5,2592202,-1,-1,11,93,203,0.5076853632926941,0.5003041625022888
EMNIST,linear,25,128,1,0.5,2592202,-1,-1,11,94,205,0.5049523115158081,0.4985681474208832
EMNIST,linear,25,128,1,0.5,2592202,-1,-1,12,95,208,1.0233408212661743,1.0017082691192627
EMNIST,linear,25,128,1,0.5,2592202,-1,-1,12,96,211,0.9883637428283691,0.9682657718658447
EMNIST,linear,25,128,1,0.5,2592202,-1,-1,12,97,214,0.974882185459137,0.9449931979179382
EMNIST,linear,25,128,1,0.5,2592202,-1,-1,12,98,217,0.9649640321731567,0.9437119364738464
EMNIST,linear,25,128,1,0.5,2592202,-1,-1,12,99,220,0.9228024482727051,0.898728609085083
EMNIST,linear,25,128,1,0.5,2592202,-1,-1,12,100,223,0.9100776314735413,0.8860825896263123
EMNIST,linear,25,128,1,0.5,2592202,-1,-1,13,101,226,0.9098870754241943,0.8846852779388428
EMNIST,linear,25,128,1,0.5,2592202,-1,-1,13,102,229,0.8410100936889648,0.8238224983215332
EMNIST,linear,25,128,1,0.5,2592202,-1,-1,13,103,232,0.7850038409233093,0.7704668641090393
EMNIST,linear,25,128,1,0.5,2592202,-1,-1,13,104,235,0.722457230091095,0.7117536664009094
EMNIST,linear,25,128,1,0.5,2592202,-1,-1,13,105,238,0.7082542777061462,0.6957961320877075
EMNIST,linear,25,128,1,0.5,2592202,-1,-1,13,106,241,0.7714971303939819,0.7588233351707458
EMNIST,linear,25,128,1,0.5,2592202,-1,-1,14,107,244,0.8020477294921875,0.781593918800354
EMNIST,linear,25,128,1,0.5,2592202,-1,-1,14,108,247,0.7893818020820618,0.7673012614250183
EMNIST,linear,25,128,1,0.5,2592202,-1,-1,14,109,250,0.7539240717887878,0.7428945899009705
EMNIST,linear,25,128,1,0.5,2592202,-1,-1,14,110,253,0.7752457857131958,0.7534670829772949
EMNIST,linear,25,128,1,0.5,2592202,-1,-1,14,111,256,0.735567033290863,0.7205413579940796
EMNIST,linear,25,128,1,0.5,2592202,-1,-1,14,112,259,0.7302546501159668,0.7179643511772156
EMNIST,linear,25,128,1,0.5,2592202,-1,-1,14,113,262,0.7442012429237366,0.7330484986305237
EMNIST,linear,25,128,1,0.5,2592202,-1,-1,15,114,265,0.7571794986724854,0.7455819845199585
EMNIST,linear,25,128,1,0.5,2592202,-1,-1,15,115,268,0.7836523652076721,0.7695249319076538
EMNIST,linear,25,128,1,0.5,2592202,-1,-1,15,116,271,0.7694762349128723,0.7579289078712463
EMNIST,linear,25,128,1,0.5,2592202,-1,-1,15,117,274,0.7500823736190796,0.7395471930503845
EMNIST,linear,25,128,1,0.5,2592202,-1,-1,15,118,277,0.7514603137969971,0.7331709861755371
EMNIST,linear,25,128,1,0.5,2592202,-1,-1,15,119,280,0.7097637057304382,0.6932278275489807
EMNIST,linear,25,128,1,0.5,2592202,-1,-1,16,120,283,0.7088367938995361,0.6989611983299255
EMNIST,linear,25,128,1,0.5,2592202,-1,-1,16,121,286,0.7193720936775208,0.7096045613288879
EMNIST,linear,25,128,1,0.5,2592202,-1,-1,16,122,289,0.7256861925125122,0.7143579125404358
EMNIST,linear,25,128,1,0.5,2592202,-1,-1,16,123,292,0.732267439365387,0.7204856872558594
EMNIST,linear,25,128,1,0.5,2592202,-1,-1,16,124,295,0.7794715166091919,0.7658493518829346
EMNIST,linear,25,128,1,0.5,2592202,-1,-1,16,125,298,0.7723379135131836,0.7613034248352051
EMNIST,linear,25,128,1,0.5,2592202,-1,-1,17,126,301,0.7544589638710022,0.7384166121482849
EMNIST,linear,25,128,1,0.5,2592202,-1,-1,17,127,304,0.7631242871284485,0.7519798874855042
EMNIST,linear,25,128,1,0.5,2592202,-1,-1,17,128,307,0.7290534377098083,0.7182983160018921
EMNIST,linear,25,128,1,0.5,2592202,-1,-1,17,129,310,0.717932403087616,0.7054592967033386
EMNIST,linear,25,128,1,0.5,2592202,-1,-1,17,130,313,0.730403482913971,0.7209327816963196
EMNIST,linear,25,128,1,0.5,2592202,-1,-1,17,131,316,0.7110576629638672,0.6984737515449524
EMNIST,linear,25,128,1,0.5,2592202,-1,-1,18,132,319,0.7435305714607239,0.7334000468254089
EMNIST,linear,25,128,1,0.5,2592202,-1,-1,18,133,322,0.7568017244338989,0.745450496673584
EMNIST,linear,25,128,1,0.5,2592202,-1,-1,18,134,325,0.7763123512268066,0.7672879695892334
EMNIST,linear,25,128,1,0.5,2592202,-1,-1,18,135,328,0.7899965047836304,0.7783368825912476
EMNIST,linear,25,128,1,0.5,2592202,-1,-1,18,136,331,0.7751662135124207,0.7576324939727783
EMNIST,linear,25,128,1,0.5,2592202,-1,-1,18,137,334,0.7470512986183167,0.7283082008361816
EMNIST,linear,25,128,1,0.5,2592202,-1,-1,18,138,337,0.7364521622657776,0.723145604133606
EMNIST,linear,25,128,1,0.5,2592202,-1,-1,19,139,340,0.7435911893844604,0.7304838299751282
EMNIST,linear,25,128,1,0.5,2592202,-1,-1,19,140,343,0.7243172526359558,0.7079766988754272
EMNIST,linear,25,128,1,0.5,2592202,-1,-1,19,141,346,0.6828434467315674,0.6725233197212219
EMNIST,linear,25,128,1,0.5,2592202,-1,-1,19,142,349,0.6838887929916382,0.673496425151825
EMNIST,linear,25,128,1,0.5,2592202,-1,-1,19,143,352,0.6519408226013184,0.6430604457855225
EMNIST,linear,25,128,1,0.5,2592202,-1,-1,19,144,355,0.6816952228546143,0.6706207394599915
EMNIST,linear,25,128,1,0.5,2592202,-1,-1,20,145,358,0.723810613155365,0.711769700050354
EMNIST,linear,25,128,1,0.5,2592202,-1,-1,20,146,361,0.7152611017227173,0.7022657990455627
EMNIST,linear,25,128,1,0.5,2592202,-1,-1,20,147,364,0.7379602789878845,0.7238263487815857
EMNIST,linear,25,128,1,0.5,2592202,-1,-1,20,148,367,0.7025201916694641,0.6869811415672302
EMNIST,linear,25,128,1,0.5,2592202,-1,-1,20,149,370,0.6452879309654236,0.6386570334434509
EMNIST,linear,25,128,1,0.5,2592202,-1,-1,20,150,373,0.6167136430740356,0.6074909567832947
EMNIST,linear,25,128,1,0.5,2592202,-1,-1,21,151,376,0.6347454190254211,0.6269409656524658
EMNIST,linear,25,128,1,0.5,2592202,-1,-1,21,152,379,0.6653755903244019,0.6543735265731812
EMNIST,linear,25,128,1,0.5,2592202,-1,-1,21,153,382,0.690059244632721,0.6771055459976196
EMNIST,linear,25,128,1,0.5,2592202,-1,-1,21,154,385,0.692557156085968,0.6843604445457458
EMNIST,linear,25,128,1,0.5,2592202,-1,-1,21,155,388,0.6689983010292053,0.6578079462051392
EMNIST,linear,25,128,1,0.5,2592202,-1,-1,21,156,391,0.6404999494552612,0.6276021599769592
EMNIST,linear,25,128,1,0.5,2592202,-1,-1,22,157,394,0.5825799107551575,0.5732452273368835
EMNIST,linear,25,128,1,0.5,2592202,-1,-1,22,158,397,0.6248694658279419,0.6049845218658447
EMNIST,linear,25,128,1,0.5,2592202,-1,-1,22,159,400,0.6513896584510803,0.6332760453224182
EMNIST,linear,25,128,1,0.5,2592202,-1,-1,22,160,403,0.6948080062866211,0.6828190088272095
EMNIST,linear,25,128,1,0.5,2592202,-1,-1,22,161,406,0.7218132615089417,0.7023141980171204
EMNIST,linear,25,128,1,0.5,2592202,-1,-1,22,162,409,0.6758432984352112,0.6648858785629272
EMNIST,linear,25,128,1,0.5,2592202,-1,-1,22,163,412,0.6406967639923096,0.6286953687667847
EMNIST,linear,25,128,1,0.5,2592202,-1,-1,23,164,415,0.6292037963867188,0.6166031360626221
EMNIST,linear,25,128,1,0.5,2592202,-1,-1,23,165,418,0.6166036128997803,0.6075606346130371
EMNIST,linear,25,128,1,0.5,2592202,-1,-1,23,166,421,0.5814546346664429,0.5720412135124207
EMNIST,linear,25,128,1,0.5,2592202,-1,-1,23,167,424,0.5619650483131409,0.5538086295127869
EMNIST,linear,25,128,1,0.5,2592202,-1,-1,23,168,427,0.5367388129234314,0.529257595539093
EMNIST,linear,25,128,1,0.5,2592202,-1,-1,23,169,430,0.543266236782074,0.5352069139480591
EMNIST,linear,25,128,1,0.5,2592202,-1,-1,24,170,433,0.5730800032615662,0.5654109120368958
EMNIST,linear,25,128,1,0.5,2592202,-1,-1,24,171,436,0.5751296281814575,0.5650219321250916
EMNIST,linear,25,128,1,0.5,2592202,-1,-1,24,172,439,0.6359677910804749,0.6234514117240906
EMNIST,linear,25,128,1,0.5,2592202,-1,-1,24,173,442,0.6385219693183899,0.625977635383606
EMNIST,linear,25,128,1,0.5,2592202,-1,-1,24,174,445,0.6190061569213867,0.6099141836166382
EMNIST,linear,25,128,1,0.5,2592202,-1,-1,24,175,448,0.6374942064285278,0.6271947622299194
EMNIST,linear,25,128,1,0.5,2592202,-1,-1,25,176,451,0.6410629749298096,0.6310673356056213
EMNIST,linear,25,128,1,0.5,2592202,-1,-1,25,177,454,0.6180046200752258,0.6097458004951477
EMNIST,linear,25,128,1,0.5,2592202,-1,-1,25,178,457,0.5836371183395386,0.5767236351966858
EMNIST,linear,25,128,1,0.5,2592202,-1,-1,25,179,460,0.5731993913650513,0.5640900135040283
EMNIST,linear,25,128,1,0.5,2592202,-1,-1,25,180,463,0.6075798273086548,0.5898340940475464
EMNIST,linear,25,128,1,0.5,2592202,-1,-1,25,181,466,0.5928993225097656,0.5764052867889404
EMNIST,linear,25,128,1,0.5,2592202,-1,-1,26,182,469,0.5627152919769287,0.5561319589614868
EMNIST,sketch,25,128,1,0.5,2592202,500,7,1,1,11,0.6135200262069702,0.6119645833969116
EMNIST,sketch,25,128,1,0.5,2592202,500,7,1,2,17,0.6352937817573547,0.627789318561554
EMNIST,sketch,25,128,1,0.5,2592202,500,7,2,3,21,0.78849196434021,0.769187867641449
EMNIST,sketch,25,128,1,0.5,2592202,500,7,2,4,23,0.5765617489814758,0.5678335428237915
EMNIST,sketch,25,128,1,0.5,2592202,500,7,2,5,25,0.7641896605491638,0.7553036212921143
EMNIST,sketch,25,128,1,0.5,2592202,500,7,2,6,27,0.9545046091079712,0.9521603584289551
EMNIST,sketch,25,128,1,0.5,2592202,500,7,2,7,29,0.9664568901062012,0.9599089622497559
EMNIST,sketch,25,128,1,0.5,2592202,500,7,2,8,31,0.8910861015319824,0.8849050402641296
EMNIST,sketch,25,128,1,0.5,2592202,500,7,2,9,33,0.9138143658638,0.9063540101051331
EMNIST,sketch,25,128,1,0.5,2592202,500,7,2,10,35,0.9317438006401062,0.9171542525291443
EMNIST,sketch,25,128,1,0.5,2592202,500,7,2,11,37,0.8040733337402344,0.7776740193367004
EMNIST,sketch,25,128,1,0.5,2592202,500,7,3,12,39,0.7525725364685059,0.7187173962593079
EMNIST,sketch,25,128,1,0.5,2592202,500,7,3,13,41,0.6986970901489258,0.6887432336807251
EMNIST,sketch,25,128,1,0.5,2592202,500,7,3,14,43,0.7316570281982422,0.7177018523216248
EMNIST,sketch,25,128,1,0.5,2592202,500,7,3,15,45,0.6471360921859741,0.6383711099624634
EMNIST,sketch,25,128,1,0.5,2592202,500,7,3,16,48,0.8204797506332397,0.7810496687889099
EMNIST,sketch,25,128,1,0.5,2592202,500,7,3,17,50,0.5271324515342712,0.5145840644836426
EMNIST,sketch,25,128,1,0.5,2592202,500,7,3,18,53,0.766289472579956,0.700674295425415
EMNIST,sketch,25,128,1,0.5,2592202,500,7,3,19,56,0.7728228569030762,0.6973143219947815
EMNIST,sketch,25,128,1,0.5,2592202,500,7,4,20,59,0.8938069343566895,0.8293304443359375
EMNIST,sketch,25,128,1,0.5,2592202,500,7,4,21,62,1.03598952293396,1.0032057762145996
EMNIST,sketch,25,128,1,0.5,2592202,500,7,4,22,64,0.671075701713562,0.6422358155250549
EMNIST,sketch,25,128,1,0.5,2592202,500,7,4,23,66,0.6987207531929016,0.6518811583518982
EMNIST,sketch,25,128,1,0.5,2592202,500,7,4,24,68,0.7296656370162964,0.7169591784477234
EMNIST,sketch,25,128,1,0.5,2592202,500,7,4,25,70,0.7462320327758789,0.722077488899231
EMNIST,sketch,25,128,1,0.5,2592202,500,7,4,26,72,0.762682318687439,0.7429894208908081
EMNIST,sketch,25,128,1,0.5,2592202,500,7,4,27,74,0.7445732355117798,0.7169955372810364
EMNIST,sketch,25,128,1,0.5,2592202,500,7,5,28,76,0.692724347114563,0.677645742893219
EMNIST,sketch,25,128,1,0.5,2592202,500,7,5,29,78,0.7127898931503296,0.6877937912940979
EMNIST,sketch,25,128,1,0.5,2592202,500,7,5,30,80,0.7453778386116028,0.7266159653663635
EMNIST,sketch,25,128,1,0.5,2592202,500,7,5,31,82,0.7360097169876099,0.7173944115638733
EMNIST,sketch,25,128,1,0.5,2592202,500,7,5,32,84,0.7171008586883545,0.7057367563247681
EMNIST,sketch,25,128,1,0.5,2592202,500,7,5,33,86,0.7027294635772705,0.687602698802948
EMNIST,sketch,25,128,1,0.5,2592202,500,7,5,34,88,0.7149379253387451,0.6915163397789001
EMNIST,sketch,25,128,1,0.5,2592202,500,7,5,35,90,0.6879684925079346,0.6799460053443909
EMNIST,sketch,25,128,1,0.5,2592202,500,7,5,36,92,0.7013292908668518,0.6968478560447693
EMNIST,sketch,25,128,1,0.5,2592202,500,7,6,37,94,0.6976829767227173,0.6848593950271606
EMNIST,sketch,25,128,1,0.5,2592202,500,7,6,38,96,0.6756892800331116,0.6570571064949036
EMNIST,sketch,25,128,1,0.5,2592202,500,7,6,39,98,0.6513658165931702,0.6350053548812866
EMNIST,sketch,25,128,1,0.5,2592202,500,7,6,40,100,0.644842267036438,0.6370183825492859
EMNIST,sketch,25,128,1,0.5,2592202,500,7,6,41,102,0.6653516292572021,0.6606445908546448
EMNIST,sketch,25,128,1,0.5,2592202,500,7,6,42,104,0.6545376777648926,0.6475012302398682
EMNIST,sketch,25,128,1,0.5,2592202,500,7,6,43,106,0.655247688293457,0.6526777744293213
EMNIST,sketch,25,128,1,0.5,2592202,500,7,6,44,108,0.6718361377716064,0.6614600419998169
EMNIST,sketch,25,128,1,0.5,2592202,500,7,6,45,110,0.6504090428352356,0.6423513889312744
EMNIST,sketch,25,128,1,0.5,2592202,500,7,6,46,112,0.6403768658638,0.6319990158081055
EMNIST,sketch,25,128,1,0.5,2592202,500,7,7,47,114,0.6198186874389648,0.6071245074272156
EMNIST,sketch,25,128,1,0.5,2592202,500,7,7,48,116,0.6159428358078003,0.6049843430519104
EMNIST,sketch,25,128,1,0.5,2592202,500,7,7,49,118,0.6200835108757019,0.6097084283828735
EMNIST,sketch,25,128,1,0.5,2592202,500,7,7,50,120,0.6285610198974609,0.6141796112060547
EMNIST,sketch,25,128,1,0.5,2592202,500,7,7,51,122,0.6252719163894653,0.6178722977638245
EMNIST,sketch,25,128,1,0.5,2592202,500,7,7,52,124,0.642565131187439,0.6319244503974915
EMNIST,sketch,25,128,1,0.5,2592202,500,7,7,53,126,0.6134423613548279,0.6028017997741699
EMNIST,sketch,25,128,1,0.5,2592202,500,7,7,54,128,0.5973923802375793,0.5924878120422363
EMNIST,sketch,25,128,1,0.5,2592202,500,7,7,55,130,0.6131786704063416,0.6059989333152771
EMNIST,sketch,25,128,1,0.5,2592202,500,7,8,56,132,0.609072208404541,0.603258490562439
EMNIST,sketch,25,128,1,0.5,2592202,500,7,8,57,134,0.5997263193130493,0.594241201877594
EMNIST,sketch,25,128,1,0.5,2592202,500,7,8,58,136,0.6028289794921875,0.5988485813140869
EMNIST,sketch,25,128,1,0.5,2592202,500,7,8,59,138,0.6061671376228333,0.600872814655304
EMNIST,sketch,25,128,1,0.5,2592202,500,7,8,60,140,0.6007101535797119,0.5933001637458801
EMNIST,sketch,25,128,1,0.5,2592202,500,7,8,61,142,0.5884565114974976,0.5848442912101746
EMNIST,sketch,25,128,1,0.5,2592202,500,7,8,62,144,0.5669857263565063,0.5637484192848206
EMNIST,sketch,25,128,1,0.5,2592202,500,7,8,63,146,0.5552818775177002,0.5547024011611938
EMNIST,sketch,25,128,1,0.5,2592202,500,7,8,64,148,0.580965518951416,0.5791800618171692
EMNIST,sketch,25,128,1,0.5,2592202,500,7,9,65,150,0.5946670770645142,0.5923230051994324
EMNIST,sketch,25,128,1,0.5,2592202,500,7,9,66,152,0.589502215385437,0.5855243802070618
EMNIST,sketch,25,128,1,0.5,2592202,500,7,9,67,154,0.561488926410675,0.555742621421814
EMNIST,sketch,25,128,1,0.5,2592202,500,7,9,68,156,0.5294787287712097,0.5250710248947144
EMNIST,sketch,25,128,1,0.5,2592202,500,7,9,69,158,0.5185776948928833,0.5144309401512146
EMNIST,sketch,25,128,1,0.5,2592202,500,7,9,70,160,0.5370779037475586,0.5303091406822205
EMNIST,sketch,25,128,1,0.5,2592202,500,7,9,71,162,0.5362202525138855,0.5326799154281616
EMNIST,sketch,25,128,1,0.5,2592202,500,7,9,72,164,0.5328744053840637,0.5295179486274719
EMNIST,sketch,25,128,1,0.5,2592202,500,7,9,73,166,0.5271502733230591,0.5250750184059143
EMNIST,sketch,25,128,1,0.5,2592202,500,7,9,74,168,0.5143427848815918,0.5144367814064026
EMNIST,sketch,25,128,1,0.5,2592202,500,7,10,75,170,0.5227530598640442,0.5215920209884644
EMNIST,sketch,25,128,1,0.5,2592202,500,7,10,76,172,0.5241801738739014,0.5220723152160645
EMNIST,sketch,25,128,1,0.5,2592202,500,7,10,77,174,0.5151771306991577,0.5118231773376465
EMNIST,sketch,25,128,1,0.5,2592202,500,7,10,78,176,0.5271748304367065,0.5250723361968994
EMNIST,sketch,25,128,1,0.5,2592202,500,7,10,79,178,0.5091822147369385,0.5069496631622314
EMNIST,sketch,25,128,1,0.5,2592202,500,7,10,80,181,0.9900684356689453,0.9868209362030029
EMNIST,sketch,25,128,1,0.5,2592202,500,7,10,81,184,0.961052417755127,0.9604856967926025
EMNIST,sketch,25,128,1,0.5,2592202,500,7,10,82,187,0.9375174641609192,0.9351839423179626
EMNIST,sketch,25,128,1,0.5,2592202,500,7,11,83,190,0.9093419909477234,0.9083789587020874
EMNIST,sketch,25,128,1,0.5,2592202,500,7,11,84,193,0.9222464561462402,0.9184410572052002
EMNIST,sketch,25,128,1,0.5,2592202,500,7,11,85,196,0.8780404329299927,0.873969554901123
EMNIST,sketch,25,128,1,0.5,2592202,500,7,11,86,199,0.8312792778015137,0.8247383236885071
EMNIST,sketch,25,128,1,0.5,2592202,500,7,11,87,202,0.8173202276229858,0.8114233613014221
EMNIST,sketch,25,128,1,0.5,2592202,500,7,11,88,205,0.7922225594520569,0.7899796366691589
EMNIST,sketch,25,128,1,0.5,2592202,500,7,12,89,208,0.7912507653236389,0.7884232401847839
EMNIST,sketch,25,128,1,0.5,2592202,500,7,12,90,211,0.7793611884117126,0.775481641292572
EMNIST,sketch,25,128,1,0.5,2592202,500,7,12,91,214,0.7814971208572388,0.7783734202384949
EMNIST,sketch,25,128,1,0.5,2592202,500,7,12,92,217,0.7907088994979858,0.7862349152565002
EMNIST,sketch,25,128,1,0.5,2592202,500,7,12,93,220,0.803356945514679,0.8003376126289368
EMNIST,sketch,25,128,1,0.5,2592202,500,7,12,94,223,0.819370687007904,0.8175467848777771
EMNIST,sketch,25,128,1,0.5,2592202,500,7,13,95,226,0.7870364785194397,0.7841560244560242
EMNIST,sketch,25,128,1,0.5,2592202,500,7,13,96,229,0.7651527523994446,0.7613012194633484
EMNIST,sketch,25,128,1,0.5,2592202,500,7,13,97,232,0.7382382750511169,0.7354200482368469
EMNIST,sketch,25,128,1,0.5,2592202,500,7,13,98,235,0.7346333265304565,0.7312687635421753
EMNIST,sketch,25,128,1,0.5,2592202,500,7,13,99,238,0.7350961565971375,0.7335910797119141
EMNIST,sketch,25,128,1,0.5,2592202,500,7,13,100,241,0.7448200583457947,0.7428621053695679
EMNIST,sketch,25,128,1,0.5,2592202,500,7,14,101,244,0.7240826487541199,0.7225226759910583
EMNIST,sketch,25,128,1,0.5,2592202,500,7,14,102,247,0.7209204435348511,0.7177521586418152
EMNIST,sketch,25,128,1,0.5,2592202,500,7,14,103,250,0.7434237003326416,0.7407510280609131
EMNIST,sketch,25,128,1,0.5,2592202,500,7,14,104,253,0.7550992369651794,0.7521931529045105
EMNIST,sketch,25,128,1,0.5,2592202,500,7,14,105,256,0.7573992609977722,0.7548542618751526
EMNIST,sketch,25,128,1,0.5,2592202,500,7,14,106,259,0.7663406133651733,0.7637715339660645
EMNIST,sketch,25,128,1,0.5,2592202,500,7,14,107,262,0.7333516478538513,0.7314222455024719
EMNIST,sketch,25,128,1,0.5,2592202,500,7,15,108,265,0.724889874458313,0.7228726744651794
EMNIST,sketch,25,128,1,0.5,2592202,500,7,15,109,268,0.7107873558998108,0.7079521417617798
EMNIST,sketch,25,128,1,0.5,2592202,500,7,15,110,271,0.7204766273498535,0.718241274356842
EMNIST,sketch,25,128,1,0.5,2592202,500,7,15,111,274,0.715704083442688,0.7146774530410767
EMNIST,sketch,25,128,1,0.5,2592202,500,7,15,112,277,0.7106884121894836,0.7073303461074829
EMNIST,sketch,25,128,1,0.5,2592202,500,7,15,113,280,0.7038185000419617,0.7018762826919556
EMNIST,sketch,25,128,1,0.5,2592202,500,7,16,114,283,0.6775642037391663,0.6753727793693542
EMNIST,sketch,25,128,1,0.5,2592202,500,7,16,115,286,0.6906700730323792,0.6879404187202454
EMNIST,sketch,25,128,1,0.5,2592202,500,7,16,116,289,0.664874792098999,0.6638906002044678
EMNIST,sketch,25,128,1,0.5,2592202,500,7,16,117,292,0.7152431607246399,0.7150723338127136
EMNIST,sketch,25,128,1,0.5,2592202,500,7,16,118,295,0.7075446844100952,0.7057596445083618
EMNIST,sketch,25,128,1,0.5,2592202,500,7,16,119,298,0.6978046894073486,0.6970422863960266
EMNIST,sketch,25,128,1,0.5,2592202,500,7,17,120,301,0.6516925692558289,0.652076780796051
EMNIST,sketch,25,128,1,0.5,2592202,500,7,17,121,304,0.6529037952423096,0.6532202959060669
EMNIST,sketch,25,128,1,0.5,2592202,500,7,17,122,307,0.6826774477958679,0.6821179389953613
EMNIST,sketch,25,128,1,0.5,2592202,500,7,17,123,310,0.7010902166366577,0.699888288974762
EMNIST,sketch,25,128,1,0.5,2592202,500,7,17,124,313,0.6883087158203125,0.687335193157196
EMNIST,sketch,25,128,1,0.5,2592202,500,7,17,125,316,0.6937962770462036,0.6909375786781311
EMNIST,sketch,25,128,1,0.5,2592202,500,7,18,126,319,0.7046189904212952,0.7028703093528748
EMNIST,sketch,25,128,1,0.5,2592202,500,7,18,127,322,0.6814762949943542,0.6795057058334351
EMNIST,sketch,25,128,1,0.5,2592202,500,7,18,128,325,0.6555683612823486,0.6536350250244141
EMNIST,sketch,25,128,1,0.5,2592202,500,7,18,129,328,0.624279797077179,0.6229676604270935
EMNIST,sketch,25,128,1,0.5,2592202,500,7,18,130,331,0.5822672247886658,0.581112802028656
EMNIST,sketch,25,128,1,0.5,2592202,500,7,18,131,334,0.6188328266143799,0.6185832023620605
EMNIST,sketch,25,128,1,0.5,2592202,500,7,18,132,337,0.6583614945411682,0.6576168537139893
EMNIST,sketch,25,128,1,0.5,2592202,500,7,19,133,340,0.6470620036125183,0.6451840996742249
EMNIST,sketch,25,128,1,0.5,2592202,500,7,19,134,343,0.6313537955284119,0.6297846436500549
EMNIST,sketch,25,128,1,0.5,2592202,500,7,19,135,346,0.6049208641052246,0.604090690612793
EMNIST,sketch,25,128,1,0.5,2592202,500,7,19,136,349,0.5751053690910339,0.573695719242096
EMNIST,sketch,25,128,1,0.5,2592202,500,7,19,137,352,0.5856792330741882,0.585906445980072
EMNIST,sketch,25,128,1,0.5,2592202,500,7,19,138,355,0.610674262046814,0.6100698113441467
EMNIST,sketch,25,128,1,0.5,2592202,500,7,20,139,358,0.6187636256217957,0.6179298758506775
EMNIST,sketch,25,128,1,0.5,2592202,500,7,20,140,361,0.6360877156257629,0.6355739831924438
EMNIST,sketch,25,128,1,0.5,2592202,500,7,20,141,364,0.6457938551902771,0.6460453271865845
EMNIST,sketch,25,128,1,0.5,2592202,500,7,20,142,367,0.6717319488525391,0.6720005869865417
EMNIST,sketch,25,128,1,0.5,2592202,500,7,20,143,370,0.6493467092514038,0.6485694646835327
EMNIST,sketch,25,128,1,0.5,2592202,500,7,20,144,373,0.6098416447639465,0.6090340614318848
EMNIST,sketch,25,128,1,0.5,2592202,500,7,21,145,376,0.5974255204200745,0.5967776775360107
EMNIST,sketch,25,128,1,0.5,2592202,500,7,21,146,379,0.5617384910583496,0.5608699917793274
EMNIST,sketch,25,128,1,0.5,2592202,500,7,21,147,382,0.5846680998802185,0.5837491750717163
EMNIST,sketch,25,128,1,0.5,2592202,500,7,21,148,385,0.5625587105751038,0.5625967979431152
EMNIST,sketch,25,128,1,0.5,2592202,500,7,21,149,388,0.5636913776397705,0.5631273984909058
EMNIST,sketch,25,128,1,0.5,2592202,500,7,21,150,391,0.5596396923065186,0.5585054755210876
EMNIST,sketch,25,128,1,0.5,2592202,500,7,22,151,394,0.5218355059623718,0.5225231051445007
EMNIST,sketch,25,128,1,0.5,2592202,500,7,22,152,397,0.5267490744590759,0.5262940526008606
EMNIST,sketch,25,128,1,0.5,2592202,500,7,22,153,400,0.5505067110061646,0.5485445261001587
EMNIST,sketch,25,128,1,0.5,2592202,500,7,22,154,403,0.5247666239738464,0.5235739350318909
EMNIST,sketch,25,128,1,0.5,2592202,500,7,22,155,406,0.5837660431861877,0.5837501287460327
EMNIST,sketch,25,128,1,0.5,2592202,500,7,22,156,409,0.5921090841293335,0.5914868116378784
EMNIST,sketch,25,128,1,0.5,2592202,500,7,22,157,412,0.5541371703147888,0.5528290271759033
EMNIST,sketch,25,128,1,0.5,2592202,500,7,23,158,415,0.5522332191467285,0.5527071952819824
EMNIST,sketch,25,128,1,0.5,2592202,500,7,23,159,418,0.5537775754928589,0.553464949131012
EMNIST,sketch,25,128,1,0.5,2592202,500,7,23,160,421,0.5589182376861572,0.5568934679031372
EMNIST,sketch,25,128,1,0.5,2592202,500,7,23,161,424,0.5532856583595276,0.5526688098907471
EMNIST,sketch,25,128,1,0.5,2592202,500,7,23,162,427,0.538204550743103,0.5383445620536804
EMNIST,sketch,25,128,1,0.5,2592202,500,7,23,163,430,0.524370551109314,0.522164523601532
EMNIST,sketch,25,128,1,0.5,2592202,500,7,24,164,433,0.5490539073944092,0.5464449524879456
EMNIST,sketch,25,128,1,0.5,2592202,500,7,24,165,436,0.5897848010063171,0.588024914264679
EMNIST,sketch,25,128,1,0.5,2592202,500,7,24,166,439,0.5862097144126892,0.5846785306930542
EMNIST,sketch,25,128,1,0.5,2592202,500,7,24,167,442,0.5457882285118103,0.5444635152816772
EMNIST,sketch,25,128,1,0.5,2592202,500,7,24,168,445,0.5247583389282227,0.5236637592315674
EMNIST,sketch,25,128,1,0.5,2592202,500,7,24,169,448,0.5432400703430176,0.5415460467338562
EMNIST,sketch,25,128,1,0.5,2592202,500,7,25,170,451,0.5325314998626709,0.5317336916923523
EMNIST,sketch,25,128,1,0.5,2592202,500,7,25,171,454,0.5105054378509521,0.5098408460617065
EMNIST,sketch,25,128,1,0.5,2592202,500,7,25,172,458,0.8095613718032837,0.8079831600189209
EMNIST,sketch,25,128,1,0.5,2592202,500,7,25,173,462,0.834619402885437,0.8304294347763062
EMNIST,sketch,25,128,1,0.5,2592202,500,7,25,174,465,0.5519904494285583,0.5504834651947021
EMNIST,sketch,25,128,1,0.5,2592202,500,7,25,175,468,0.5783756375312805,0.577225387096405
EMNIST,sketch,25,128,1,0.5,2592202,500,7,26,176,469,0.0726875513792038,0.0724935531616211
