dataset_name,fda_name,num_clients,batch_size,num_steps_until_rtc_check,theta,nn_num_weights,sketch_width,sketch_depth,epoch,total_rounds,total_fda_steps,accuracy
EMNIST,naive,15,128,1,0.5,2592202,-1,-1,1,10,32,0.11349999904632568
EMNIST,naive,15,128,1,0.5,2592202,-1,-1,2,25,63,0.4345000088214874
EMNIST,naive,15,128,1,0.5,2592202,-1,-1,3,41,94,0.6927000284194946
EMNIST,naive,15,128,1,0.5,2592202,-1,-1,4,56,125,0.8615000247955322
EMNIST,naive,15,128,1,0.5,2592202,-1,-1,5,72,157,0.923799991607666
EMNIST,naive,15,128,1,0.5,2592202,-1,-1,6,83,188,0.9430999755859375
EMNIST,naive,15,128,1,0.5,2592202,-1,-1,7,94,219,0.9560999870300293
EMNIST,naive,15,128,1,0.5,2592202,-1,-1,8,104,250,0.9611999988555908
EMNIST,naive,15,128,1,0.5,2592202,-1,-1,9,115,282,0.9656000137329102
EMNIST,naive,15,128,1,0.5,2592202,-1,-1,10,125,313,0.9682999849319458
EMNIST,naive,15,128,1,0.5,2592202,-1,-1,11,135,344,0.970300018787384
EMNIST,naive,15,128,1,0.5,2592202,-1,-1,12,144,375,0.9703999757766724
EMNIST,naive,15,128,1,0.5,2592202,-1,-1,13,152,407,0.9725000262260437
EMNIST,naive,15,128,1,0.5,2592202,-1,-1,14,161,438,0.9750999808311462
EMNIST,naive,15,128,1,0.5,2592202,-1,-1,15,168,469,0.9758999943733215
EMNIST,naive,15,128,1,0.5,2592202,-1,-1,16,176,500,0.9747999906539917
EMNIST,naive,15,128,1,0.5,2592202,-1,-1,17,184,532,0.9765999913215637
EMNIST,naive,15,128,1,0.5,2592202,-1,-1,18,191,563,0.9776999950408936
EMNIST,naive,15,128,1,0.5,2592202,-1,-1,19,198,594,0.9768000245094299
EMNIST,naive,15,128,1,0.5,2592202,-1,-1,20,205,625,0.977400004863739
EMNIST,naive,15,128,1,0.5,2592202,-1,-1,21,212,657,0.9786999821662903
EMNIST,naive,15,128,1,0.5,2592202,-1,-1,22,219,688,0.9776999950408936
EMNIST,naive,15,128,1,0.5,2592202,-1,-1,23,225,719,0.9793999791145325
EMNIST,naive,15,128,1,0.5,2592202,-1,-1,24,232,750,0.979200005531311
EMNIST,naive,15,128,1,0.5,2592202,-1,-1,25,238,782,0.9781000018119812
EMNIST,naive,15,128,1,0.5,2592202,-1,-1,26,244,813,0.9794999957084656
EMNIST,naive,15,128,1,0.5,2592202,-1,-1,27,250,844,0.9805999994277954
EMNIST,naive,15,128,1,0.5,2592202,-1,-1,28,256,875,0.9800000190734863
EMNIST,naive,15,128,1,0.5,2592202,-1,-1,29,262,907,0.9790999889373779
EMNIST,naive,15,128,1,0.5,2592202,-1,-1,30,268,938,0.978600025177002
EMNIST,naive,15,128,1,0.5,2592202,-1,-1,31,274,969,0.980400025844574
EMNIST,naive,15,128,1,0.5,2592202,-1,-1,32,279,1000,0.98089998960495
EMNIST,naive,15,128,1,0.5,2592202,-1,-1,33,286,1032,0.9805999994277954
EMNIST,naive,15,128,1,0.5,2592202,-1,-1,34,292,1063,0.9793000221252441
EMNIST,naive,15,128,1,0.5,2592202,-1,-1,35,298,1094,0.9807999730110168
EMNIST,naive,15,128,1,0.5,2592202,-1,-1,36,304,1125,0.9796000123023987
EMNIST,naive,15,128,1,0.5,2592202,-1,-1,37,309,1157,0.9811000227928162
EMNIST,naive,15,128,1,0.5,2592202,-1,-1,38,315,1188,0.9822999835014343
EMNIST,naive,15,128,1,0.5,2592202,-1,-1,39,321,1219,0.9818000197410583
EMNIST,naive,15,128,1,0.5,2592202,-1,-1,40,327,1250,0.9815000295639038
EMNIST,naive,15,128,1,0.5,2592202,-1,-1,41,334,1282,0.9819999933242798
EMNIST,naive,15,128,1,0.5,2592202,-1,-1,42,339,1313,0.982200026512146
EMNIST,naive,15,128,1,0.5,2592202,-1,-1,43,345,1344,0.9807999730110168
EMNIST,naive,15,128,1,0.5,2592202,-1,-1,44,351,1375,0.982200026512146
EMNIST,naive,15,128,1,0.5,2592202,-1,-1,45,356,1407,0.9811000227928162
EMNIST,naive,15,128,1,0.5,2592202,-1,-1,46,361,1438,0.9818999767303467
EMNIST,naive,15,128,1,0.5,2592202,-1,-1,47,367,1469,0.9815000295639038
EMNIST,naive,15,128,1,0.5,2592202,-1,-1,48,371,1500,0.9825000166893005
EMNIST,naive,15,128,1,0.5,2592202,-1,-1,49,378,1532,0.9800000190734863
EMNIST,naive,15,128,1,0.5,2592202,-1,-1,50,385,1563,0.9819999933242798
EMNIST,naive,15,128,1,0.5,2592202,-1,-1,51,391,1594,0.9815999865531921
EMNIST,naive,15,128,1,0.5,2592202,-1,-1,52,397,1625,0.9817000031471252
EMNIST,naive,15,128,1,0.5,2592202,-1,-1,53,402,1657,0.9824000000953674
EMNIST,naive,15,128,1,0.5,2592202,-1,-1,54,408,1688,0.9822999835014343
EMNIST,naive,15,128,1,0.5,2592202,-1,-1,55,413,1719,0.9821000099182129
EMNIST,naive,15,128,1,0.5,2592202,-1,-1,56,420,1750,0.9825999736785889
EMNIST,naive,15,128,1,0.5,2592202,-1,-1,57,425,1782,0.9819999933242798
EMNIST,naive,15,128,1,0.5,2592202,-1,-1,58,431,1813,0.9810000061988831
EMNIST,naive,15,128,1,0.5,2592202,-1,-1,59,436,1844,0.9818000197410583
EMNIST,naive,15,128,1,0.5,2592202,-1,-1,60,442,1875,0.9821000099182129
EMNIST,naive,15,128,1,0.5,2592202,-1,-1,61,448,1907,0.9819999933242798
EMNIST,naive,15,128,1,0.5,2592202,-1,-1,62,454,1938,0.9815999865531921
EMNIST,naive,15,128,1,0.5,2592202,-1,-1,63,459,1969,0.9812999963760376
EMNIST,naive,15,128,1,0.5,2592202,-1,-1,64,464,2000,0.9817000031471252
EMNIST,naive,15,128,1,0.5,2592202,-1,-1,65,470,2032,0.9817000031471252
EMNIST,naive,15,128,1,0.5,2592202,-1,-1,66,475,2063,0.9829999804496765
EMNIST,naive,15,128,1,0.5,2592202,-1,-1,67,481,2094,0.9828000068664551
EMNIST,naive,15,128,1,0.5,2592202,-1,-1,68,487,2125,0.9829000234603882
EMNIST,naive,15,128,1,0.5,2592202,-1,-1,69,492,2157,0.9828000068664551
EMNIST,naive,15,128,1,0.5,2592202,-1,-1,70,499,2188,0.9835000038146973
EMNIST,naive,15,128,1,0.5,2592202,-1,-1,71,504,2219,0.9830999970436096
EMNIST,naive,15,128,1,0.5,2592202,-1,-1,72,510,2250,0.9828000068664551
EMNIST,naive,15,128,1,0.5,2592202,-1,-1,73,516,2282,0.9828000068664551
EMNIST,naive,15,128,1,0.5,2592202,-1,-1,74,522,2313,0.982699990272522
EMNIST,naive,15,128,1,0.5,2592202,-1,-1,75,527,2344,0.9825999736785889
EMNIST,naive,15,128,1,0.5,2592202,-1,-1,76,532,2375,0.9825999736785889
EMNIST,naive,15,128,1,0.5,2592202,-1,-1,77,537,2407,0.9811000227928162
EMNIST,naive,15,128,1,0.5,2592202,-1,-1,78,543,2438,0.9825999736785889
EMNIST,naive,15,128,1,0.5,2592202,-1,-1,79,548,2469,0.9819999933242798
EMNIST,naive,15,128,1,0.5,2592202,-1,-1,80,553,2500,0.982200026512146
EMNIST,naive,15,128,1,0.5,2592202,-1,-1,81,559,2532,0.9815000295639038
EMNIST,naive,15,128,1,0.5,2592202,-1,-1,82,565,2563,0.9825999736785889
EMNIST,naive,15,128,1,0.5,2592202,-1,-1,83,569,2594,0.982699990272522
EMNIST,naive,15,128,1,0.5,2592202,-1,-1,84,575,2625,0.9835000038146973
EMNIST,naive,15,128,1,0.5,2592202,-1,-1,85,578,2657,0.9822999835014343
EMNIST,naive,15,128,1,0.5,2592202,-1,-1,86,584,2688,0.9829999804496765
EMNIST,naive,15,128,1,0.5,2592202,-1,-1,87,590,2719,0.9824000000953674
EMNIST,naive,15,128,1,0.5,2592202,-1,-1,88,595,2750,0.9829999804496765
EMNIST,naive,15,128,1,0.5,2592202,-1,-1,89,601,2782,0.9829000234603882
EMNIST,naive,15,128,1,0.5,2592202,-1,-1,90,606,2813,0.9825000166893005
EMNIST,naive,15,128,1,0.5,2592202,-1,-1,91,612,2844,0.9818000197410583
EMNIST,naive,15,128,1,0.5,2592202,-1,-1,92,617,2875,0.9825999736785889
EMNIST,naive,15,128,1,0.5,2592202,-1,-1,93,623,2907,0.9817000031471252
EMNIST,naive,15,128,1,0.5,2592202,-1,-1,94,629,2938,0.9817000031471252
EMNIST,naive,15,128,1,0.5,2592202,-1,-1,95,636,2969,0.9829999804496765
EMNIST,naive,15,128,1,0.5,2592202,-1,-1,96,643,3000,0.983299970626831
EMNIST,naive,15,128,1,0.5,2592202,-1,-1,97,648,3032,0.982699990272522
EMNIST,naive,15,128,1,0.5,2592202,-1,-1,98,656,3063,0.9818000197410583
EMNIST,naive,15,128,1,0.5,2592202,-1,-1,99,662,3094,0.9814000129699707
EMNIST,naive,15,128,1,0.5,2592202,-1,-1,100,669,3125,0.9812999963760376
EMNIST,naive,15,128,1,0.5,2592202,-1,-1,101,675,3157,0.9830999970436096
EMNIST,naive,15,128,1,0.5,2592202,-1,-1,102,680,3188,0.9835000038146973
EMNIST,naive,15,128,1,0.5,2592202,-1,-1,103,685,3219,0.9828000068664551
EMNIST,naive,15,128,1,0.5,2592202,-1,-1,104,692,3250,0.9830999970436096
EMNIST,naive,15,128,1,0.5,2592202,-1,-1,105,696,3282,0.9836000204086304
EMNIST,naive,15,128,1,0.5,2592202,-1,-1,106,703,3313,0.983299970626831
EMNIST,naive,15,128,1,0.5,2592202,-1,-1,107,708,3344,0.9836000204086304
EMNIST,naive,15,128,1,0.5,2592202,-1,-1,108,713,3375,0.9830999970436096
EMNIST,naive,15,128,1,0.5,2592202,-1,-1,109,719,3407,0.982200026512146
EMNIST,naive,15,128,1,0.5,2592202,-1,-1,110,726,3438,0.9825999736785889
EMNIST,naive,15,128,1,0.5,2592202,-1,-1,111,731,3469,0.9829999804496765
EMNIST,naive,15,128,1,0.5,2592202,-1,-1,112,738,3500,0.9830999970436096
EMNIST,naive,15,128,1,0.5,2592202,-1,-1,113,745,3532,0.9837999939918518
EMNIST,naive,15,128,1,0.5,2592202,-1,-1,114,750,3563,0.9836999773979187
EMNIST,naive,15,128,1,0.5,2592202,-1,-1,115,756,3594,0.9835000038146973
EMNIST,naive,15,128,1,0.5,2592202,-1,-1,116,763,3625,0.9835000038146973
EMNIST,naive,15,128,1,0.5,2592202,-1,-1,117,768,3657,0.9833999872207642
EMNIST,naive,15,128,1,0.5,2592202,-1,-1,118,774,3688,0.9830999970436096
EMNIST,naive,15,128,1,0.5,2592202,-1,-1,119,780,3719,0.9832000136375427
EMNIST,naive,15,128,1,0.5,2592202,-1,-1,120,787,3750,0.9833999872207642
EMNIST,naive,15,128,1,0.5,2592202,-1,-1,121,791,3782,0.982699990272522
EMNIST,naive,15,128,1,0.5,2592202,-1,-1,122,799,3813,0.9833999872207642
EMNIST,naive,15,128,1,0.5,2592202,-1,-1,123,806,3844,0.9837999939918518
EMNIST,naive,15,128,1,0.5,2592202,-1,-1,124,812,3875,0.9836999773979187
EMNIST,naive,15,128,1,0.5,2592202,-1,-1,125,818,3907,0.9836999773979187
EMNIST,naive,15,128,1,0.5,2592202,-1,-1,126,824,3938,0.9835000038146973
EMNIST,naive,15,128,1,0.5,2592202,-1,-1,127,830,3969,0.9840999841690063
EMNIST,naive,15,128,1,0.5,2592202,-1,-1,128,837,4000,0.984000027179718
EMNIST,naive,15,128,1,0.5,2592202,-1,-1,129,842,4032,0.984000027179718
EMNIST,naive,15,128,1,0.5,2592202,-1,-1,130,848,4063,0.9843999743461609
EMNIST,naive,15,128,1,0.5,2592202,-1,-1,131,855,4094,0.9825999736785889
EMNIST,naive,15,128,1,0.5,2592202,-1,-1,132,860,4125,0.9840999841690063
EMNIST,naive,15,128,1,0.5,2592202,-1,-1,133,866,4157,0.9836999773979187
EMNIST,naive,15,128,1,0.5,2592202,-1,-1,134,870,4188,0.9836999773979187
EMNIST,naive,15,128,1,0.5,2592202,-1,-1,135,876,4219,0.9833999872207642
EMNIST,naive,15,128,1,0.5,2592202,-1,-1,136,881,4250,0.9832000136375427
EMNIST,naive,15,128,1,0.5,2592202,-1,-1,137,886,4282,0.984000027179718
EMNIST,naive,15,128,1,0.5,2592202,-1,-1,138,893,4313,0.9837999939918518
EMNIST,naive,15,128,1,0.5,2592202,-1,-1,139,900,4344,0.9842000007629395
EMNIST,naive,15,128,1,0.5,2592202,-1,-1,140,905,4375,0.9836000204086304
EMNIST,naive,15,128,1,0.5,2592202,-1,-1,141,911,4407,0.9839000105857849
EMNIST,naive,15,128,1,0.5,2592202,-1,-1,142,917,4438,0.9839000105857849
EMNIST,naive,15,128,1,0.5,2592202,-1,-1,143,922,4469,0.984000027179718
EMNIST,naive,15,128,1,0.5,2592202,-1,-1,144,928,4500,0.9836000204086304
EMNIST,naive,15,128,1,0.5,2592202,-1,-1,145,934,4532,0.9840999841690063
EMNIST,naive,15,128,1,0.5,2592202,-1,-1,146,940,4563,0.984000027179718
EMNIST,naive,15,128,1,0.5,2592202,-1,-1,147,946,4594,0.9839000105857849
EMNIST,naive,15,128,1,0.5,2592202,-1,-1,148,951,4625,0.9840999841690063
EMNIST,naive,15,128,1,0.5,2592202,-1,-1,149,956,4657,0.984000027179718
EMNIST,naive,15,128,1,0.5,2592202,-1,-1,150,963,4688,0.9836000204086304
EMNIST,naive,15,128,1,0.5,2592202,-1,-1,151,970,4719,0.984000027179718
EMNIST,naive,15,128,1,0.5,2592202,-1,-1,152,976,4750,0.9836000204086304
EMNIST,naive,15,128,1,0.5,2592202,-1,-1,153,981,4782,0.9836999773979187
EMNIST,naive,15,128,1,0.5,2592202,-1,-1,154,988,4813,0.9836000204086304
EMNIST,naive,15,128,1,0.5,2592202,-1,-1,155,998,4844,0.9836999773979187
EMNIST,naive,15,128,1,0.5,2592202,-1,-1,156,1003,4875,0.9835000038146973
EMNIST,naive,15,128,1,0.5,2592202,-1,-1,157,1009,4907,0.9832000136375427
EMNIST,naive,15,128,1,0.5,2592202,-1,-1,158,1014,4938,0.9830999970436096
EMNIST,naive,15,128,1,0.5,2592202,-1,-1,159,1021,4969,0.9833999872207642
EMNIST,naive,15,128,1,0.5,2592202,-1,-1,160,1026,5000,0.984000027179718
EMNIST,naive,15,128,1,0.5,2592202,-1,-1,161,1032,5032,0.9840999841690063
EMNIST,naive,15,128,1,0.5,2592202,-1,-1,162,1039,5063,0.9836999773979187
EMNIST,naive,15,128,1,0.5,2592202,-1,-1,163,1045,5094,0.9837999939918518
EMNIST,naive,15,128,1,0.5,2592202,-1,-1,164,1053,5125,0.9847000241279602
EMNIST,naive,15,128,1,0.5,2592202,-1,-1,165,1060,5157,0.9846000075340271
EMNIST,naive,15,128,1,0.5,2592202,-1,-1,166,1063,5188,0.9848999977111816
EMNIST,naive,15,128,1,0.5,2592202,-1,-1,167,1068,5219,0.9843000173568726
EMNIST,naive,15,128,1,0.5,2592202,-1,-1,168,1074,5250,0.9851999878883362
EMNIST,naive,15,128,1,0.5,2592202,-1,-1,169,1080,5282,0.9854999780654907
EMNIST,naive,15,128,1,0.5,2592202,-1,-1,170,1086,5313,0.9853000044822693
EMNIST,naive,15,128,1,0.5,2592202,-1,-1,171,1092,5344,0.9857000112533569
EMNIST,naive,15,128,1,0.5,2592202,-1,-1,172,1096,5375,0.9854000210762024
EMNIST,naive,15,128,1,0.5,2592202,-1,-1,173,1101,5407,0.9840999841690063
EMNIST,naive,15,128,1,0.5,2592202,-1,-1,174,1102,5438,0.9843999743461609
EMNIST,naive,15,128,1,0.5,2592202,-1,-1,175,1107,5469,0.9850999712944031
EMNIST,naive,15,128,1,0.5,2592202,-1,-1,176,1113,5500,0.9843000173568726
EMNIST,naive,15,128,1,0.5,2592202,-1,-1,177,1118,5532,0.9853000044822693
EMNIST,naive,15,128,1,0.5,2592202,-1,-1,178,1124,5563,0.9854999780654907
EMNIST,naive,15,128,1,0.5,2592202,-1,-1,179,1130,5594,0.9847000241279602
EMNIST,naive,15,128,1,0.5,2592202,-1,-1,180,1137,5625,0.9843999743461609
EMNIST,naive,15,128,1,0.5,2592202,-1,-1,181,1141,5657,0.9851999878883362
EMNIST,naive,15,128,1,0.5,2592202,-1,-1,182,1147,5688,0.9843999743461609
EMNIST,naive,15,128,1,0.5,2592202,-1,-1,183,1152,5719,0.9842000007629395
EMNIST,naive,15,128,1,0.5,2592202,-1,-1,184,1158,5750,0.9842000007629395
EMNIST,naive,15,128,1,0.5,2592202,-1,-1,185,1164,5782,0.9836999773979187
EMNIST,naive,15,128,1,0.5,2592202,-1,-1,186,1170,5813,0.984000027179718
EMNIST,naive,15,128,1,0.5,2592202,-1,-1,187,1177,5844,0.9837999939918518
EMNIST,naive,15,128,1,0.5,2592202,-1,-1,188,1181,5875,0.984000027179718
EMNIST,naive,15,128,1,0.5,2592202,-1,-1,189,1186,5907,0.9843000173568726
EMNIST,naive,15,128,1,0.5,2592202,-1,-1,190,1191,5938,0.9839000105857849
EMNIST,naive,15,128,1,0.5,2592202,-1,-1,191,1195,5969,0.9846000075340271
EMNIST,naive,15,128,1,0.5,2592202,-1,-1,192,1203,6000,0.984499990940094
EMNIST,naive,15,128,1,0.5,2592202,-1,-1,193,1213,6032,0.9835000038146973
EMNIST,naive,15,128,1,0.5,2592202,-1,-1,194,1220,6063,0.9847999811172485
EMNIST,naive,15,128,1,0.5,2592202,-1,-1,195,1225,6094,0.984499990940094
EMNIST,naive,15,128,1,0.5,2592202,-1,-1,196,1229,6125,0.9843999743461609
EMNIST,naive,15,128,1,0.5,2592202,-1,-1,197,1236,6157,0.9835000038146973
EMNIST,naive,15,128,1,0.5,2592202,-1,-1,198,1243,6188,0.984000027179718
EMNIST,naive,15,128,1,0.5,2592202,-1,-1,199,1248,6219,0.9853000044822693
EMNIST,naive,15,128,1,0.5,2592202,-1,-1,200,1253,6250,0.9850000143051147
EMNIST,naive,15,128,1,0.5,2592202,-1,-1,201,1259,6282,0.9843999743461609
EMNIST,naive,15,128,1,0.5,2592202,-1,-1,202,1265,6313,0.9840999841690063
EMNIST,naive,15,128,1,0.5,2592202,-1,-1,203,1271,6344,0.9842000007629395
EMNIST,naive,15,128,1,0.5,2592202,-1,-1,204,1277,6375,0.9853000044822693
EMNIST,naive,15,128,1,0.5,2592202,-1,-1,205,1284,6407,0.984499990940094
EMNIST,naive,15,128,1,0.5,2592202,-1,-1,206,1292,6438,0.9832000136375427
EMNIST,naive,15,128,1,0.5,2592202,-1,-1,207,1300,6469,0.984499990940094
EMNIST,naive,15,128,1,0.5,2592202,-1,-1,208,1308,6500,0.9848999977111816
EMNIST,naive,15,128,1,0.5,2592202,-1,-1,209,1315,6532,0.9836000204086304
EMNIST,naive,15,128,1,0.5,2592202,-1,-1,210,1320,6563,0.9836999773979187
EMNIST,naive,15,128,1,0.5,2592202,-1,-1,211,1328,6594,0.9843000173568726
EMNIST,naive,15,128,1,0.5,2592202,-1,-1,212,1333,6625,0.9840999841690063
EMNIST,naive,15,128,1,0.5,2592202,-1,-1,213,1339,6657,0.9855999946594238
EMNIST,naive,15,128,1,0.5,2592202,-1,-1,214,1342,6688,0.9857000112533569
EMNIST,naive,15,128,1,0.5,2592202,-1,-1,215,1346,6719,0.9854000210762024
EMNIST,naive,15,128,1,0.5,2592202,-1,-1,216,1353,6750,0.9836000204086304
EMNIST,naive,15,128,1,0.5,2592202,-1,-1,217,1360,6782,0.984499990940094
EMNIST,naive,15,128,1,0.5,2592202,-1,-1,218,1362,6813,0.9843000173568726
EMNIST,naive,15,128,1,0.5,2592202,-1,-1,219,1365,6844,0.9846000075340271
EMNIST,naive,15,128,1,0.5,2592202,-1,-1,220,1371,6875,0.9846000075340271
EMNIST,naive,15,128,1,0.5,2592202,-1,-1,221,1372,6907,0.984499990940094
EMNIST,naive,15,128,1,0.5,2592202,-1,-1,222,1374,6938,0.9848999977111816
EMNIST,naive,15,128,1,0.5,2592202,-1,-1,223,1381,6969,0.9839000105857849
EMNIST,naive,15,128,1,0.5,2592202,-1,-1,224,1384,7000,0.9846000075340271
EMNIST,naive,15,128,1,0.5,2592202,-1,-1,225,1387,7032,0.9848999977111816
EMNIST,naive,15,128,1,0.5,2592202,-1,-1,226,1392,7063,0.9855999946594238
EMNIST,naive,15,128,1,0.5,2592202,-1,-1,227,1397,7094,0.9853000044822693
EMNIST,naive,15,128,1,0.5,2592202,-1,-1,228,1402,7125,0.9851999878883362
EMNIST,naive,15,128,1,0.5,2592202,-1,-1,229,1408,7157,0.9847999811172485
EMNIST,naive,15,128,1,0.5,2592202,-1,-1,230,1412,7188,0.9850999712944031
EMNIST,naive,15,128,1,0.5,2592202,-1,-1,231,1417,7219,0.9860000014305115
EMNIST,naive,15,128,1,0.5,2592202,-1,-1,232,1424,7250,0.9854999780654907
EMNIST,naive,15,128,1,0.5,2592202,-1,-1,233,1427,7282,0.9851999878883362
EMNIST,naive,15,128,1,0.5,2592202,-1,-1,234,1433,7313,0.9847000241279602
EMNIST,naive,15,128,1,0.5,2592202,-1,-1,235,1441,7344,0.9850000143051147
EMNIST,naive,15,128,1,0.5,2592202,-1,-1,236,1447,7375,0.9854999780654907
EMNIST,naive,15,128,1,0.5,2592202,-1,-1,237,1453,7407,0.9854000210762024
EMNIST,naive,15,128,1,0.5,2592202,-1,-1,238,1459,7438,0.9854000210762024
EMNIST,naive,15,128,1,0.5,2592202,-1,-1,239,1467,7469,0.984499990940094
EMNIST,naive,15,128,1,0.5,2592202,-1,-1,240,1475,7500,0.9846000075340271
EMNIST,naive,15,128,1,0.5,2592202,-1,-1,241,1482,7532,0.9848999977111816
EMNIST,naive,15,128,1,0.5,2592202,-1,-1,242,1487,7563,0.9847000241279602
EMNIST,naive,15,128,1,0.5,2592202,-1,-1,243,1489,7594,0.9847999811172485
EMNIST,naive,15,128,1,0.5,2592202,-1,-1,244,1495,7625,0.9848999977111816
EMNIST,naive,15,128,1,0.5,2592202,-1,-1,245,1501,7657,0.9848999977111816
EMNIST,naive,15,128,1,0.5,2592202,-1,-1,246,1506,7688,0.9842000007629395
EMNIST,naive,15,128,1,0.5,2592202,-1,-1,247,1513,7719,0.9847000241279602
EMNIST,naive,15,128,1,0.5,2592202,-1,-1,248,1520,7750,0.9843000173568726
EMNIST,naive,15,128,1,0.5,2592202,-1,-1,249,1525,7782,0.9848999977111816
EMNIST,naive,15,128,1,0.5,2592202,-1,-1,250,1532,7813,0.9837999939918518
EMNIST,naive,15,128,1,0.5,2592202,-1,-1,251,1539,7844,0.9840999841690063
EMNIST,naive,15,128,1,0.5,2592202,-1,-1,252,1546,7875,0.9848999977111816
EMNIST,naive,15,128,1,0.5,2592202,-1,-1,253,1551,7907,0.984000027179718
EMNIST,naive,15,128,1,0.5,2592202,-1,-1,254,1557,7938,0.9843000173568726
EMNIST,naive,15,128,1,0.5,2592202,-1,-1,255,1565,7969,0.9851999878883362
EMNIST,naive,15,128,1,0.5,2592202,-1,-1,256,1572,8000,0.9847999811172485
EMNIST,naive,15,128,1,0.5,2592202,-1,-1,257,1579,8032,0.9850999712944031
EMNIST,naive,15,128,1,0.5,2592202,-1,-1,258,1587,8063,0.98580002784729
EMNIST,naive,15,128,1,0.5,2592202,-1,-1,259,1593,8094,0.9855999946594238
EMNIST,naive,15,128,1,0.5,2592202,-1,-1,260,1602,8125,0.9848999977111816
EMNIST,naive,15,128,1,0.5,2592202,-1,-1,261,1609,8157,0.9853000044822693
EMNIST,naive,15,128,1,0.5,2592202,-1,-1,262,1614,8188,0.9847999811172485
EMNIST,naive,15,128,1,0.5,2592202,-1,-1,263,1619,8219,0.9846000075340271
EMNIST,naive,15,128,1,0.5,2592202,-1,-1,264,1623,8250,0.9850000143051147
EMNIST,naive,15,128,1,0.5,2592202,-1,-1,265,1627,8282,0.9861000180244446
EMNIST,naive,15,128,1,0.5,2592202,-1,-1,266,1635,8313,0.9848999977111816
EMNIST,naive,15,128,1,0.5,2592202,-1,-1,267,1641,8344,0.9848999977111816
EMNIST,naive,15,128,1,0.5,2592202,-1,-1,268,1642,8375,0.9853000044822693
EMNIST,naive,15,128,1,0.5,2592202,-1,-1,269,1643,8407,0.9853000044822693
EMNIST,naive,15,128,1,0.5,2592202,-1,-1,270,1649,8438,0.9854000210762024
EMNIST,naive,15,128,1,0.5,2592202,-1,-1,271,1654,8469,0.9861000180244446
EMNIST,naive,15,128,1,0.5,2592202,-1,-1,272,1657,8500,0.9861999750137329
EMNIST,naive,15,128,1,0.5,2592202,-1,-1,273,1662,8532,0.9861000180244446
EMNIST,naive,15,128,1,0.5,2592202,-1,-1,274,1668,8563,0.9855999946594238
EMNIST,naive,15,128,1,0.5,2592202,-1,-1,275,1671,8594,0.9855999946594238
EMNIST,naive,15,128,1,0.5,2592202,-1,-1,276,1674,8625,0.9854000210762024
EMNIST,naive,15,128,1,0.5,2592202,-1,-1,277,1678,8657,0.9850999712944031
EMNIST,naive,15,128,1,0.5,2592202,-1,-1,278,1683,8688,0.9853000044822693
EMNIST,naive,15,128,1,0.5,2592202,-1,-1,279,1684,8719,0.9853000044822693
EMNIST,naive,15,128,1,0.5,2592202,-1,-1,280,1686,8750,0.9854999780654907
EMNIST,naive,15,128,1,0.5,2592202,-1,-1,281,1693,8782,0.9854000210762024
EMNIST,naive,15,128,1,0.5,2592202,-1,-1,282,1698,8813,0.9861000180244446
EMNIST,naive,15,128,1,0.5,2592202,-1,-1,283,1702,8844,0.9865000247955322
EMNIST,naive,15,128,1,0.5,2592202,-1,-1,284,1706,8875,0.9865000247955322
EMNIST,naive,15,128,1,0.5,2592202,-1,-1,285,1708,8907,0.9865999817848206
EMNIST,naive,15,128,1,0.5,2592202,-1,-1,286,1710,8938,0.9861000180244446
EMNIST,naive,15,128,1,0.5,2592202,-1,-1,287,1719,8969,0.9837999939918518
EMNIST,naive,15,128,1,0.5,2592202,-1,-1,288,1725,9000,0.9850999712944031
EMNIST,naive,15,128,1,0.5,2592202,-1,-1,289,1732,9032,0.9847000241279602
EMNIST,naive,15,128,1,0.5,2592202,-1,-1,290,1740,9063,0.9854999780654907
EMNIST,naive,15,128,1,0.5,2592202,-1,-1,291,1742,9094,0.9850000143051147
EMNIST,naive,15,128,1,0.5,2592202,-1,-1,292,1746,9125,0.9851999878883362
EMNIST,naive,15,128,1,0.5,2592202,-1,-1,293,1753,9157,0.9853000044822693
EMNIST,naive,15,128,1,0.5,2592202,-1,-1,294,1759,9188,0.9854999780654907
EMNIST,naive,15,128,1,0.5,2592202,-1,-1,295,1766,9219,0.9858999848365784
EMNIST,naive,15,128,1,0.5,2592202,-1,-1,296,1772,9250,0.9850000143051147
EMNIST,naive,15,128,1,0.5,2592202,-1,-1,297,1778,9282,0.9853000044822693
EMNIST,naive,15,128,1,0.5,2592202,-1,-1,298,1785,9313,0.9843999743461609
EMNIST,naive,15,128,1,0.5,2592202,-1,-1,299,1793,9344,0.9850000143051147
EMNIST,naive,15,128,1,0.5,2592202,-1,-1,300,1797,9375,0.9858999848365784
EMNIST,linear,15,128,1,0.5,2592202,-1,-1,1,9,32,0.11349999904632568
EMNIST,linear,15,128,1,0.5,2592202,-1,-1,2,25,63,0.4489000141620636
EMNIST,linear,15,128,1,0.5,2592202,-1,-1,3,40,94,0.6978999972343445
EMNIST,linear,15,128,1,0.5,2592202,-1,-1,4,56,125,0.8579999804496765
EMNIST,linear,15,128,1,0.5,2592202,-1,-1,5,71,157,0.9289000034332275
EMNIST,linear,15,128,1,0.5,2592202,-1,-1,6,82,188,0.9484000205993652
EMNIST,linear,15,128,1,0.5,2592202,-1,-1,7,92,219,0.9606000185012817
EMNIST,linear,15,128,1,0.5,2592202,-1,-1,8,102,250,0.9652000069618225
EMNIST,linear,15,128,1,0.5,2592202,-1,-1,9,113,282,0.9689000248908997
EMNIST,linear,15,128,1,0.5,2592202,-1,-1,10,123,313,0.9731000065803528
EMNIST,linear,15,128,1,0.5,2592202,-1,-1,11,133,344,0.9760000109672546
EMNIST,linear,15,128,1,0.5,2592202,-1,-1,12,141,375,0.9753000140190125
EMNIST,linear,15,128,1,0.5,2592202,-1,-1,13,149,407,0.9764999747276306
EMNIST,linear,15,128,1,0.5,2592202,-1,-1,14,157,438,0.9769999980926514
EMNIST,linear,15,128,1,0.5,2592202,-1,-1,15,165,469,0.9778000116348267
EMNIST,linear,15,128,1,0.5,2592202,-1,-1,16,172,500,0.9771000146865845
EMNIST,linear,15,128,1,0.5,2592202,-1,-1,17,180,532,0.9786999821662903
EMNIST,linear,15,128,1,0.5,2592202,-1,-1,18,187,563,0.9793000221252441
EMNIST,linear,15,128,1,0.5,2592202,-1,-1,19,194,594,0.9797000288963318
EMNIST,linear,15,128,1,0.5,2592202,-1,-1,20,201,625,0.9794999957084656
EMNIST,linear,15,128,1,0.5,2592202,-1,-1,21,208,657,0.9796000123023987
EMNIST,linear,15,128,1,0.5,2592202,-1,-1,22,214,688,0.9789000153541565
EMNIST,linear,15,128,1,0.5,2592202,-1,-1,23,221,719,0.9789000153541565
EMNIST,linear,15,128,1,0.5,2592202,-1,-1,24,227,750,0.9800999760627747
EMNIST,linear,15,128,1,0.5,2592202,-1,-1,25,234,782,0.9805999994277954
EMNIST,linear,15,128,1,0.5,2592202,-1,-1,26,240,813,0.9796000123023987
EMNIST,linear,15,128,1,0.5,2592202,-1,-1,27,247,844,0.98089998960495
EMNIST,linear,15,128,1,0.5,2592202,-1,-1,28,252,875,0.9807000160217285
EMNIST,linear,15,128,1,0.5,2592202,-1,-1,29,258,907,0.9799000024795532
EMNIST,linear,15,128,1,0.5,2592202,-1,-1,30,264,938,0.9807999730110168
EMNIST,linear,15,128,1,0.5,2592202,-1,-1,31,269,969,0.9800999760627747
EMNIST,linear,15,128,1,0.5,2592202,-1,-1,32,276,1000,0.9801999926567078
EMNIST,linear,15,128,1,0.5,2592202,-1,-1,33,282,1032,0.9811999797821045
EMNIST,linear,15,128,1,0.5,2592202,-1,-1,34,288,1063,0.9807999730110168
EMNIST,linear,15,128,1,0.5,2592202,-1,-1,35,294,1094,0.9818999767303467
EMNIST,linear,15,128,1,0.5,2592202,-1,-1,36,300,1125,0.9818999767303467
EMNIST,linear,15,128,1,0.5,2592202,-1,-1,37,306,1157,0.9824000000953674
EMNIST,linear,15,128,1,0.5,2592202,-1,-1,38,312,1188,0.982200026512146
EMNIST,linear,15,128,1,0.5,2592202,-1,-1,39,318,1219,0.9824000000953674
EMNIST,linear,15,128,1,0.5,2592202,-1,-1,40,323,1250,0.983299970626831
EMNIST,linear,15,128,1,0.5,2592202,-1,-1,41,331,1282,0.9832000136375427
EMNIST,linear,15,128,1,0.5,2592202,-1,-1,42,336,1313,0.982699990272522
EMNIST,linear,15,128,1,0.5,2592202,-1,-1,43,342,1344,0.9825999736785889
EMNIST,linear,15,128,1,0.5,2592202,-1,-1,44,349,1375,0.9818000197410583
EMNIST,linear,15,128,1,0.5,2592202,-1,-1,45,354,1407,0.982200026512146
EMNIST,linear,15,128,1,0.5,2592202,-1,-1,46,360,1438,0.9815999865531921
EMNIST,linear,15,128,1,0.5,2592202,-1,-1,47,366,1469,0.9835000038146973
EMNIST,linear,15,128,1,0.5,2592202,-1,-1,48,370,1500,0.9833999872207642
EMNIST,linear,15,128,1,0.5,2592202,-1,-1,49,376,1532,0.9819999933242798
EMNIST,linear,15,128,1,0.5,2592202,-1,-1,50,382,1563,0.9824000000953674
EMNIST,linear,15,128,1,0.5,2592202,-1,-1,51,388,1594,0.9828000068664551
EMNIST,linear,15,128,1,0.5,2592202,-1,-1,52,394,1625,0.9818000197410583
EMNIST,linear,15,128,1,0.5,2592202,-1,-1,53,399,1657,0.9829000234603882
EMNIST,linear,15,128,1,0.5,2592202,-1,-1,54,404,1688,0.9829999804496765
EMNIST,linear,15,128,1,0.5,2592202,-1,-1,55,409,1719,0.9830999970436096
EMNIST,linear,15,128,1,0.5,2592202,-1,-1,56,415,1750,0.9824000000953674
EMNIST,linear,15,128,1,0.5,2592202,-1,-1,57,420,1782,0.9833999872207642
EMNIST,linear,15,128,1,0.5,2592202,-1,-1,58,426,1813,0.9825000166893005
EMNIST,linear,15,128,1,0.5,2592202,-1,-1,59,433,1844,0.9829000234603882
EMNIST,linear,15,128,1,0.5,2592202,-1,-1,60,438,1875,0.983299970626831
EMNIST,linear,15,128,1,0.5,2592202,-1,-1,61,444,1907,0.9829999804496765
EMNIST,linear,15,128,1,0.5,2592202,-1,-1,62,448,1938,0.9819999933242798
EMNIST,linear,15,128,1,0.5,2592202,-1,-1,63,453,1969,0.9825999736785889
EMNIST,linear,15,128,1,0.5,2592202,-1,-1,64,459,2000,0.9835000038146973
EMNIST,linear,15,128,1,0.5,2592202,-1,-1,65,465,2032,0.9836000204086304
EMNIST,linear,15,128,1,0.5,2592202,-1,-1,66,470,2063,0.9836000204086304
EMNIST,linear,15,128,1,0.5,2592202,-1,-1,67,475,2094,0.9835000038146973
EMNIST,linear,15,128,1,0.5,2592202,-1,-1,68,480,2125,0.9833999872207642
EMNIST,linear,15,128,1,0.5,2592202,-1,-1,69,485,2157,0.9830999970436096
EMNIST,linear,15,128,1,0.5,2592202,-1,-1,70,491,2188,0.9829999804496765
EMNIST,linear,15,128,1,0.5,2592202,-1,-1,71,495,2219,0.9836999773979187
EMNIST,linear,15,128,1,0.5,2592202,-1,-1,72,499,2250,0.9832000136375427
EMNIST,linear,15,128,1,0.5,2592202,-1,-1,73,505,2282,0.9836000204086304
EMNIST,linear,15,128,1,0.5,2592202,-1,-1,74,510,2313,0.9833999872207642
EMNIST,linear,15,128,1,0.5,2592202,-1,-1,75,516,2344,0.9835000038146973
EMNIST,linear,15,128,1,0.5,2592202,-1,-1,76,521,2375,0.984499990940094
EMNIST,linear,15,128,1,0.5,2592202,-1,-1,77,527,2407,0.984000027179718
EMNIST,linear,15,128,1,0.5,2592202,-1,-1,78,533,2438,0.984499990940094
EMNIST,linear,15,128,1,0.5,2592202,-1,-1,79,538,2469,0.984499990940094
EMNIST,linear,15,128,1,0.5,2592202,-1,-1,80,543,2500,0.9843000173568726
EMNIST,linear,15,128,1,0.5,2592202,-1,-1,81,549,2532,0.9822999835014343
EMNIST,linear,15,128,1,0.5,2592202,-1,-1,82,554,2563,0.9839000105857849
EMNIST,linear,15,128,1,0.5,2592202,-1,-1,83,560,2594,0.9842000007629395
EMNIST,linear,15,128,1,0.5,2592202,-1,-1,84,566,2625,0.9846000075340271
EMNIST,linear,15,128,1,0.5,2592202,-1,-1,85,571,2657,0.983299970626831
EMNIST,linear,15,128,1,0.5,2592202,-1,-1,86,576,2688,0.9836000204086304
EMNIST,linear,15,128,1,0.5,2592202,-1,-1,87,580,2719,0.9847999811172485
EMNIST,linear,15,128,1,0.5,2592202,-1,-1,88,586,2750,0.983299970626831
EMNIST,linear,15,128,1,0.5,2592202,-1,-1,89,593,2782,0.9836000204086304
EMNIST,linear,15,128,1,0.5,2592202,-1,-1,90,598,2813,0.9836999773979187
EMNIST,linear,15,128,1,0.5,2592202,-1,-1,91,603,2844,0.9846000075340271
EMNIST,linear,15,128,1,0.5,2592202,-1,-1,92,609,2875,0.9847000241279602
EMNIST,linear,15,128,1,0.5,2592202,-1,-1,93,617,2907,0.9843000173568726
EMNIST,linear,15,128,1,0.5,2592202,-1,-1,94,622,2938,0.9842000007629395
EMNIST,linear,15,128,1,0.5,2592202,-1,-1,95,627,2969,0.9833999872207642
EMNIST,linear,15,128,1,0.5,2592202,-1,-1,96,634,3000,0.9815999865531921
EMNIST,linear,15,128,1,0.5,2592202,-1,-1,97,639,3032,0.983299970626831
EMNIST,linear,15,128,1,0.5,2592202,-1,-1,98,644,3063,0.9839000105857849
EMNIST,linear,15,128,1,0.5,2592202,-1,-1,99,649,3094,0.9839000105857849
EMNIST,linear,15,128,1,0.5,2592202,-1,-1,100,653,3125,0.9843000173568726
EMNIST,linear,15,128,1,0.5,2592202,-1,-1,101,659,3157,0.9824000000953674
EMNIST,linear,15,128,1,0.5,2592202,-1,-1,102,664,3188,0.9835000038146973
EMNIST,linear,15,128,1,0.5,2592202,-1,-1,103,671,3219,0.9829000234603882
EMNIST,linear,15,128,1,0.5,2592202,-1,-1,104,677,3250,0.9843999743461609
EMNIST,linear,15,128,1,0.5,2592202,-1,-1,105,682,3282,0.9843000173568726
EMNIST,linear,15,128,1,0.5,2592202,-1,-1,106,686,3313,0.984000027179718
EMNIST,linear,15,128,1,0.5,2592202,-1,-1,107,691,3344,0.9846000075340271
EMNIST,linear,15,128,1,0.5,2592202,-1,-1,108,696,3375,0.9854999780654907
EMNIST,linear,15,128,1,0.5,2592202,-1,-1,109,701,3407,0.9847000241279602
EMNIST,linear,15,128,1,0.5,2592202,-1,-1,110,708,3438,0.9840999841690063
EMNIST,linear,15,128,1,0.5,2592202,-1,-1,111,713,3469,0.9853000044822693
EMNIST,linear,15,128,1,0.5,2592202,-1,-1,112,719,3500,0.9854999780654907
EMNIST,linear,15,128,1,0.5,2592202,-1,-1,113,722,3532,0.9854000210762024
EMNIST,linear,15,128,1,0.5,2592202,-1,-1,114,728,3563,0.9836000204086304
EMNIST,linear,15,128,1,0.5,2592202,-1,-1,115,732,3594,0.9850000143051147
EMNIST,linear,15,128,1,0.5,2592202,-1,-1,116,736,3625,0.9854000210762024
EMNIST,linear,15,128,1,0.5,2592202,-1,-1,117,741,3657,0.9853000044822693
EMNIST,linear,15,128,1,0.5,2592202,-1,-1,118,745,3688,0.9850999712944031
EMNIST,linear,15,128,1,0.5,2592202,-1,-1,119,749,3719,0.9847999811172485
EMNIST,linear,15,128,1,0.5,2592202,-1,-1,120,756,3750,0.9848999977111816
EMNIST,linear,15,128,1,0.5,2592202,-1,-1,121,763,3782,0.9854999780654907
EMNIST,linear,15,128,1,0.5,2592202,-1,-1,122,770,3813,0.984499990940094
EMNIST,linear,15,128,1,0.5,2592202,-1,-1,123,777,3844,0.9847000241279602
EMNIST,linear,15,128,1,0.5,2592202,-1,-1,124,784,3875,0.9851999878883362
EMNIST,linear,15,128,1,0.5,2592202,-1,-1,125,791,3907,0.9850000143051147
EMNIST,linear,15,128,1,0.5,2592202,-1,-1,126,796,3938,0.9850000143051147
EMNIST,linear,15,128,1,0.5,2592202,-1,-1,127,801,3969,0.9855999946594238
EMNIST,linear,15,128,1,0.5,2592202,-1,-1,128,807,4000,0.9848999977111816
EMNIST,linear,15,128,1,0.5,2592202,-1,-1,129,812,4032,0.9857000112533569
EMNIST,linear,15,128,1,0.5,2592202,-1,-1,130,817,4063,0.9853000044822693
EMNIST,linear,15,128,1,0.5,2592202,-1,-1,131,823,4094,0.984000027179718
EMNIST,linear,15,128,1,0.5,2592202,-1,-1,132,828,4125,0.9842000007629395
EMNIST,linear,15,128,1,0.5,2592202,-1,-1,133,835,4157,0.9840999841690063
EMNIST,linear,15,128,1,0.5,2592202,-1,-1,134,839,4188,0.9851999878883362
EMNIST,linear,15,128,1,0.5,2592202,-1,-1,135,845,4219,0.9843999743461609
EMNIST,linear,15,128,1,0.5,2592202,-1,-1,136,850,4250,0.9850999712944031
EMNIST,linear,15,128,1,0.5,2592202,-1,-1,137,855,4282,0.9846000075340271
EMNIST,linear,15,128,1,0.5,2592202,-1,-1,138,862,4313,0.9850000143051147
EMNIST,linear,15,128,1,0.5,2592202,-1,-1,139,867,4344,0.984499990940094
EMNIST,linear,15,128,1,0.5,2592202,-1,-1,140,875,4375,0.9854999780654907
EMNIST,linear,15,128,1,0.5,2592202,-1,-1,141,880,4407,0.9853000044822693
EMNIST,linear,15,128,1,0.5,2592202,-1,-1,142,886,4438,0.9855999946594238
EMNIST,linear,15,128,1,0.5,2592202,-1,-1,143,891,4469,0.9858999848365784
EMNIST,linear,15,128,1,0.5,2592202,-1,-1,144,896,4500,0.9847999811172485
EMNIST,linear,15,128,1,0.5,2592202,-1,-1,145,902,4532,0.9854000210762024
EMNIST,linear,15,128,1,0.5,2592202,-1,-1,146,907,4563,0.9850999712944031
EMNIST,linear,15,128,1,0.5,2592202,-1,-1,147,913,4594,0.9847000241279602
EMNIST,linear,15,128,1,0.5,2592202,-1,-1,148,916,4625,0.9853000044822693
EMNIST,linear,15,128,1,0.5,2592202,-1,-1,149,921,4657,0.9854000210762024
EMNIST,linear,15,128,1,0.5,2592202,-1,-1,150,927,4688,0.9860000014305115
EMNIST,linear,15,128,1,0.5,2592202,-1,-1,151,933,4719,0.9855999946594238
EMNIST,linear,15,128,1,0.5,2592202,-1,-1,152,939,4750,0.9853000044822693
EMNIST,linear,15,128,1,0.5,2592202,-1,-1,153,944,4782,0.9864000082015991
EMNIST,linear,15,128,1,0.5,2592202,-1,-1,154,949,4813,0.9855999946594238
EMNIST,linear,15,128,1,0.5,2592202,-1,-1,155,954,4844,0.9855999946594238
EMNIST,linear,15,128,1,0.5,2592202,-1,-1,156,960,4875,0.9855999946594238
EMNIST,linear,15,128,1,0.5,2592202,-1,-1,157,966,4907,0.9847999811172485
EMNIST,linear,15,128,1,0.5,2592202,-1,-1,158,970,4938,0.9847999811172485
EMNIST,linear,15,128,1,0.5,2592202,-1,-1,159,976,4969,0.9853000044822693
EMNIST,linear,15,128,1,0.5,2592202,-1,-1,160,980,5000,0.9854999780654907
EMNIST,linear,15,128,1,0.5,2592202,-1,-1,161,986,5032,0.9854000210762024
EMNIST,linear,15,128,1,0.5,2592202,-1,-1,162,994,5063,0.9850000143051147
EMNIST,linear,15,128,1,0.5,2592202,-1,-1,163,1002,5094,0.9855999946594238
EMNIST,linear,15,128,1,0.5,2592202,-1,-1,164,1007,5125,0.9854000210762024
EMNIST,linear,15,128,1,0.5,2592202,-1,-1,165,1012,5157,0.9858999848365784
EMNIST,linear,15,128,1,0.5,2592202,-1,-1,166,1017,5188,0.9861999750137329
EMNIST,linear,15,128,1,0.5,2592202,-1,-1,167,1020,5219,0.98580002784729
EMNIST,linear,15,128,1,0.5,2592202,-1,-1,168,1025,5250,0.9872999787330627
EMNIST,linear,15,128,1,0.5,2592202,-1,-1,169,1029,5282,0.986299991607666
EMNIST,linear,15,128,1,0.5,2592202,-1,-1,170,1034,5313,0.9857000112533569
EMNIST,linear,15,128,1,0.5,2592202,-1,-1,171,1041,5344,0.9851999878883362
EMNIST,linear,15,128,1,0.5,2592202,-1,-1,172,1047,5375,0.9846000075340271
EMNIST,linear,15,128,1,0.5,2592202,-1,-1,173,1054,5407,0.9851999878883362
EMNIST,linear,15,128,1,0.5,2592202,-1,-1,174,1060,5438,0.9857000112533569
EMNIST,linear,15,128,1,0.5,2592202,-1,-1,175,1067,5469,0.9853000044822693
EMNIST,linear,15,128,1,0.5,2592202,-1,-1,176,1075,5500,0.9840999841690063
EMNIST,linear,15,128,1,0.5,2592202,-1,-1,177,1084,5532,0.9854000210762024
EMNIST,linear,15,128,1,0.5,2592202,-1,-1,178,1091,5563,0.9858999848365784
EMNIST,linear,15,128,1,0.5,2592202,-1,-1,179,1097,5594,0.9864000082015991
EMNIST,linear,15,128,1,0.5,2592202,-1,-1,180,1102,5625,0.9861000180244446
EMNIST,linear,15,128,1,0.5,2592202,-1,-1,181,1111,5657,0.9860000014305115
EMNIST,linear,15,128,1,0.5,2592202,-1,-1,182,1116,5688,0.9860000014305115
EMNIST,linear,15,128,1,0.5,2592202,-1,-1,183,1124,5719,0.9855999946594238
EMNIST,linear,15,128,1,0.5,2592202,-1,-1,184,1134,5750,0.98580002784729
EMNIST,linear,15,128,1,0.5,2592202,-1,-1,185,1139,5782,0.9868999719619751
EMNIST,linear,15,128,1,0.5,2592202,-1,-1,186,1146,5813,0.9858999848365784
EMNIST,linear,15,128,1,0.5,2592202,-1,-1,187,1153,5844,0.9855999946594238
EMNIST,linear,15,128,1,0.5,2592202,-1,-1,188,1159,5875,0.9854999780654907
EMNIST,linear,15,128,1,0.5,2592202,-1,-1,189,1166,5907,0.9873999953269958
EMNIST,linear,15,128,1,0.5,2592202,-1,-1,190,1176,5938,0.9861000180244446
EMNIST,linear,15,128,1,0.5,2592202,-1,-1,191,1183,5969,0.9843000173568726
EMNIST,linear,15,128,1,0.5,2592202,-1,-1,192,1190,6000,0.9850999712944031
EMNIST,linear,15,128,1,0.5,2592202,-1,-1,193,1196,6032,0.9853000044822693
EMNIST,linear,15,128,1,0.5,2592202,-1,-1,194,1202,6063,0.9847999811172485
EMNIST,linear,15,128,1,0.5,2592202,-1,-1,195,1209,6094,0.9839000105857849
EMNIST,linear,15,128,1,0.5,2592202,-1,-1,196,1216,6125,0.9850999712944031
EMNIST,linear,15,128,1,0.5,2592202,-1,-1,197,1225,6157,0.9850999712944031
EMNIST,linear,15,128,1,0.5,2592202,-1,-1,198,1233,6188,0.984499990940094
EMNIST,linear,15,128,1,0.5,2592202,-1,-1,199,1240,6219,0.9854999780654907
EMNIST,linear,15,128,1,0.5,2592202,-1,-1,200,1244,6250,0.9853000044822693
EMNIST,linear,15,128,1,0.5,2592202,-1,-1,201,1248,6282,0.9850000143051147
EMNIST,linear,15,128,1,0.5,2592202,-1,-1,202,1255,6313,0.9860000014305115
EMNIST,linear,15,128,1,0.5,2592202,-1,-1,203,1263,6344,0.9854000210762024
EMNIST,linear,15,128,1,0.5,2592202,-1,-1,204,1271,6375,0.9853000044822693
EMNIST,linear,15,128,1,0.5,2592202,-1,-1,205,1278,6407,0.9860000014305115
EMNIST,linear,15,128,1,0.5,2592202,-1,-1,206,1286,6438,0.9848999977111816
EMNIST,linear,15,128,1,0.5,2592202,-1,-1,207,1295,6469,0.9854999780654907
EMNIST,linear,15,128,1,0.5,2592202,-1,-1,208,1301,6500,0.98580002784729
EMNIST,linear,15,128,1,0.5,2592202,-1,-1,209,1308,6532,0.9858999848365784
EMNIST,linear,15,128,1,0.5,2592202,-1,-1,210,1312,6563,0.9857000112533569
EMNIST,linear,15,128,1,0.5,2592202,-1,-1,211,1317,6594,0.9854999780654907
EMNIST,linear,15,128,1,0.5,2592202,-1,-1,212,1323,6625,0.9855999946594238
EMNIST,linear,15,128,1,0.5,2592202,-1,-1,213,1325,6657,0.9854000210762024
EMNIST,linear,15,128,1,0.5,2592202,-1,-1,214,1331,6688,0.9843999743461609
EMNIST,linear,15,128,1,0.5,2592202,-1,-1,215,1339,6719,0.9854000210762024
EMNIST,linear,15,128,1,0.5,2592202,-1,-1,216,1343,6750,0.9851999878883362
EMNIST,linear,15,128,1,0.5,2592202,-1,-1,217,1349,6782,0.9854999780654907
EMNIST,linear,15,128,1,0.5,2592202,-1,-1,218,1352,6813,0.9860000014305115
EMNIST,linear,15,128,1,0.5,2592202,-1,-1,219,1357,6844,0.9857000112533569
EMNIST,linear,15,128,1,0.5,2592202,-1,-1,220,1362,6875,0.9864000082015991
EMNIST,linear,15,128,1,0.5,2592202,-1,-1,221,1367,6907,0.9858999848365784
EMNIST,linear,15,128,1,0.5,2592202,-1,-1,222,1370,6938,0.9860000014305115
EMNIST,linear,15,128,1,0.5,2592202,-1,-1,223,1378,6969,0.9864000082015991
EMNIST,linear,15,128,1,0.5,2592202,-1,-1,224,1381,7000,0.9861000180244446
EMNIST,linear,15,128,1,0.5,2592202,-1,-1,225,1387,7032,0.9854999780654907
EMNIST,linear,15,128,1,0.5,2592202,-1,-1,226,1393,7063,0.9854999780654907
EMNIST,linear,15,128,1,0.5,2592202,-1,-1,227,1399,7094,0.9855999946594238
EMNIST,linear,15,128,1,0.5,2592202,-1,-1,228,1406,7125,0.9847999811172485
EMNIST,linear,15,128,1,0.5,2592202,-1,-1,229,1411,7157,0.9861999750137329
EMNIST,linear,15,128,1,0.5,2592202,-1,-1,230,1416,7188,0.9857000112533569
EMNIST,linear,15,128,1,0.5,2592202,-1,-1,231,1421,7219,0.9850000143051147
EMNIST,linear,15,128,1,0.5,2592202,-1,-1,232,1429,7250,0.9855999946594238
EMNIST,linear,15,128,1,0.5,2592202,-1,-1,233,1435,7282,0.9858999848365784
EMNIST,linear,15,128,1,0.5,2592202,-1,-1,234,1441,7313,0.9848999977111816
EMNIST,linear,15,128,1,0.5,2592202,-1,-1,235,1447,7344,0.9858999848365784
EMNIST,linear,15,128,1,0.5,2592202,-1,-1,236,1450,7375,0.98580002784729
EMNIST,linear,15,128,1,0.5,2592202,-1,-1,237,1458,7407,0.9854999780654907
EMNIST,linear,15,128,1,0.5,2592202,-1,-1,238,1461,7438,0.9860000014305115
EMNIST,linear,15,128,1,0.5,2592202,-1,-1,239,1467,7469,0.9854000210762024
EMNIST,linear,15,128,1,0.5,2592202,-1,-1,240,1470,7500,0.98580002784729
EMNIST,linear,15,128,1,0.5,2592202,-1,-1,241,1475,7532,0.9861999750137329
EMNIST,linear,15,128,1,0.5,2592202,-1,-1,242,1480,7563,0.9861000180244446
EMNIST,linear,15,128,1,0.5,2592202,-1,-1,243,1483,7594,0.9865999817848206
EMNIST,linear,15,128,1,0.5,2592202,-1,-1,244,1484,7625,0.9866999983787537
EMNIST,linear,15,128,1,0.5,2592202,-1,-1,245,1488,7657,0.9866999983787537
EMNIST,linear,15,128,1,0.5,2592202,-1,-1,246,1491,7688,0.9861999750137329
EMNIST,linear,15,128,1,0.5,2592202,-1,-1,247,1497,7719,0.9861000180244446
EMNIST,linear,15,128,1,0.5,2592202,-1,-1,248,1503,7750,0.9850999712944031
EMNIST,linear,15,128,1,0.5,2592202,-1,-1,249,1509,7782,0.9861999750137329
EMNIST,linear,15,128,1,0.5,2592202,-1,-1,250,1514,7813,0.986299991607666
EMNIST,linear,15,128,1,0.5,2592202,-1,-1,251,1521,7844,0.9861000180244446
EMNIST,linear,15,128,1,0.5,2592202,-1,-1,252,1527,7875,0.986299991607666
EMNIST,linear,15,128,1,0.5,2592202,-1,-1,253,1533,7907,0.98580002784729
EMNIST,linear,15,128,1,0.5,2592202,-1,-1,254,1539,7938,0.9861000180244446
EMNIST,linear,15,128,1,0.5,2592202,-1,-1,255,1547,7969,0.986299991607666
EMNIST,linear,15,128,1,0.5,2592202,-1,-1,256,1552,8000,0.9858999848365784
EMNIST,linear,15,128,1,0.5,2592202,-1,-1,257,1559,8032,0.9865000247955322
EMNIST,linear,15,128,1,0.5,2592202,-1,-1,258,1568,8063,0.98580002784729
EMNIST,linear,15,128,1,0.5,2592202,-1,-1,259,1574,8094,0.9857000112533569
EMNIST,linear,15,128,1,0.5,2592202,-1,-1,260,1580,8125,0.9861000180244446
EMNIST,linear,15,128,1,0.5,2592202,-1,-1,261,1583,8157,0.9861000180244446
EMNIST,linear,15,128,1,0.5,2592202,-1,-1,262,1591,8188,0.9858999848365784
EMNIST,linear,15,128,1,0.5,2592202,-1,-1,263,1598,8219,0.9857000112533569
EMNIST,linear,15,128,1,0.5,2592202,-1,-1,264,1604,8250,0.9853000044822693
EMNIST,linear,15,128,1,0.5,2592202,-1,-1,265,1608,8282,0.9853000044822693
EMNIST,linear,15,128,1,0.5,2592202,-1,-1,266,1615,8313,0.9848999977111816
EMNIST,linear,15,128,1,0.5,2592202,-1,-1,267,1621,8344,0.9861999750137329
EMNIST,linear,15,128,1,0.5,2592202,-1,-1,268,1625,8375,0.9866999983787537
EMNIST,linear,15,128,1,0.5,2592202,-1,-1,269,1628,8407,0.9858999848365784
EMNIST,linear,15,128,1,0.5,2592202,-1,-1,270,1634,8438,0.98580002784729
EMNIST,linear,15,128,1,0.5,2592202,-1,-1,271,1641,8469,0.9861999750137329
EMNIST,linear,15,128,1,0.5,2592202,-1,-1,272,1650,8500,0.9871000051498413
EMNIST,linear,15,128,1,0.5,2592202,-1,-1,273,1657,8532,0.9860000014305115
EMNIST,linear,15,128,1,0.5,2592202,-1,-1,274,1664,8563,0.9861000180244446
EMNIST,linear,15,128,1,0.5,2592202,-1,-1,275,1669,8594,0.9860000014305115
EMNIST,linear,15,128,1,0.5,2592202,-1,-1,276,1677,8625,0.9868000149726868
EMNIST,linear,15,128,1,0.5,2592202,-1,-1,277,1683,8657,0.9860000014305115
EMNIST,linear,15,128,1,0.5,2592202,-1,-1,278,1690,8688,0.986299991607666
EMNIST,linear,15,128,1,0.5,2592202,-1,-1,279,1697,8719,0.9851999878883362
EMNIST,linear,15,128,1,0.5,2592202,-1,-1,280,1704,8750,0.9861999750137329
EMNIST,linear,15,128,1,0.5,2592202,-1,-1,281,1711,8782,0.9872999787330627
EMNIST,linear,15,128,1,0.5,2592202,-1,-1,282,1712,8813,0.9872999787330627
EMNIST,linear,15,128,1,0.5,2592202,-1,-1,283,1716,8844,0.9869999885559082
EMNIST,linear,15,128,1,0.5,2592202,-1,-1,284,1723,8875,0.9872000217437744
EMNIST,linear,15,128,1,0.5,2592202,-1,-1,285,1731,8907,0.9868000149726868
EMNIST,linear,15,128,1,0.5,2592202,-1,-1,286,1733,8938,0.9866999983787537
EMNIST,linear,15,128,1,0.5,2592202,-1,-1,287,1735,8969,0.9865999817848206
EMNIST,linear,15,128,1,0.5,2592202,-1,-1,288,1740,9000,0.9864000082015991
EMNIST,linear,15,128,1,0.5,2592202,-1,-1,289,1746,9032,0.9857000112533569
EMNIST,linear,15,128,1,0.5,2592202,-1,-1,290,1751,9063,0.98580002784729
EMNIST,linear,15,128,1,0.5,2592202,-1,-1,291,1759,9094,0.9855999946594238
EMNIST,linear,15,128,1,0.5,2592202,-1,-1,292,1763,9125,0.9858999848365784
EMNIST,linear,15,128,1,0.5,2592202,-1,-1,293,1765,9157,0.9857000112533569
EMNIST,linear,15,128,1,0.5,2592202,-1,-1,294,1766,9188,0.9854000210762024
EMNIST,linear,15,128,1,0.5,2592202,-1,-1,295,1772,9219,0.986299991607666
EMNIST,linear,15,128,1,0.5,2592202,-1,-1,296,1780,9250,0.9847999811172485
EMNIST,linear,15,128,1,0.5,2592202,-1,-1,297,1786,9282,0.9857000112533569
EMNIST,linear,15,128,1,0.5,2592202,-1,-1,298,1791,9313,0.98580002784729
EMNIST,linear,15,128,1,0.5,2592202,-1,-1,299,1797,9344,0.9858999848365784
EMNIST,linear,15,128,1,0.5,2592202,-1,-1,300,1801,9375,0.9857000112533569
EMNIST,sketch,15,128,1,0.5,2592202,250,5,1,10,32,0.11349999904632568
EMNIST,sketch,15,128,1,0.5,2592202,250,5,2,23,63,0.45260000228881836
EMNIST,sketch,15,128,1,0.5,2592202,250,5,3,39,94,0.7088000178337097
EMNIST,sketch,15,128,1,0.5,2592202,250,5,4,54,125,0.8633000254631042
EMNIST,sketch,15,128,1,0.5,2592202,250,5,5,66,157,0.9190000295639038
EMNIST,sketch,15,128,1,0.5,2592202,250,5,6,76,188,0.9419999718666077
EMNIST,sketch,15,128,1,0.5,2592202,250,5,7,86,219,0.9559000134468079
EMNIST,sketch,15,128,1,0.5,2592202,250,5,8,97,250,0.9595999717712402
EMNIST,sketch,15,128,1,0.5,2592202,250,5,9,107,282,0.965499997138977
EMNIST,sketch,15,128,1,0.5,2592202,250,5,10,118,313,0.9695000052452087
EMNIST,sketch,15,128,1,0.5,2592202,250,5,11,128,344,0.9706000089645386
EMNIST,sketch,15,128,1,0.5,2592202,250,5,12,138,375,0.972000002861023
EMNIST,sketch,15,128,1,0.5,2592202,250,5,13,149,407,0.972100019454956
EMNIST,sketch,15,128,1,0.5,2592202,250,5,14,157,438,0.9726999998092651
EMNIST,sketch,15,128,1,0.5,2592202,250,5,15,166,469,0.9743000268936157
EMNIST,sketch,15,128,1,0.5,2592202,250,5,16,175,500,0.9757000207901001
EMNIST,sketch,15,128,1,0.5,2592202,250,5,17,183,532,0.9753000140190125
EMNIST,sketch,15,128,1,0.5,2592202,250,5,18,191,563,0.9775999784469604
EMNIST,sketch,15,128,1,0.5,2592202,250,5,19,198,594,0.9764999747276306
EMNIST,sketch,15,128,1,0.5,2592202,250,5,20,205,625,0.9764000177383423
EMNIST,sketch,15,128,1,0.5,2592202,250,5,21,212,657,0.9769999980926514
EMNIST,sketch,15,128,1,0.5,2592202,250,5,22,219,688,0.9779999852180481
EMNIST,sketch,15,128,1,0.5,2592202,250,5,23,227,719,0.9772999882698059
EMNIST,sketch,15,128,1,0.5,2592202,250,5,24,233,750,0.9779000282287598
EMNIST,sketch,15,128,1,0.5,2592202,250,5,25,240,782,0.9783999919891357
EMNIST,sketch,15,128,1,0.5,2592202,250,5,26,246,813,0.9771999716758728
EMNIST,sketch,15,128,1,0.5,2592202,250,5,27,253,844,0.9789000153541565
EMNIST,sketch,15,128,1,0.5,2592202,250,5,28,259,875,0.9783999919891357
EMNIST,sketch,15,128,1,0.5,2592202,250,5,29,265,907,0.9797999858856201
EMNIST,sketch,15,128,1,0.5,2592202,250,5,30,271,938,0.9794999957084656
EMNIST,sketch,15,128,1,0.5,2592202,250,5,31,277,969,0.9799000024795532
EMNIST,sketch,15,128,1,0.5,2592202,250,5,32,284,1000,0.9789000153541565
EMNIST,sketch,15,128,1,0.5,2592202,250,5,33,289,1032,0.979200005531311
EMNIST,sketch,15,128,1,0.5,2592202,250,5,34,295,1063,0.9782000184059143
EMNIST,sketch,15,128,1,0.5,2592202,250,5,35,301,1094,0.9793000221252441
EMNIST,sketch,15,128,1,0.5,2592202,250,5,36,308,1125,0.979200005531311
EMNIST,sketch,15,128,1,0.5,2592202,250,5,37,314,1157,0.978600025177002
EMNIST,sketch,15,128,1,0.5,2592202,250,5,38,320,1188,0.9789999723434448
EMNIST,sketch,15,128,1,0.5,2592202,250,5,39,326,1219,0.9790999889373779
EMNIST,sketch,15,128,1,0.5,2592202,250,5,40,331,1250,0.9800999760627747
EMNIST,sketch,15,128,1,0.5,2592202,250,5,41,337,1282,0.9796000123023987
EMNIST,sketch,15,128,1,0.5,2592202,250,5,42,343,1313,0.9793999791145325
EMNIST,sketch,15,128,1,0.5,2592202,250,5,43,348,1344,0.9797999858856201
EMNIST,sketch,15,128,1,0.5,2592202,250,5,44,353,1375,0.9800999760627747
EMNIST,sketch,15,128,1,0.5,2592202,250,5,45,358,1407,0.9797000288963318
EMNIST,sketch,15,128,1,0.5,2592202,250,5,46,366,1438,0.9793000221252441
EMNIST,sketch,15,128,1,0.5,2592202,250,5,47,371,1469,0.9803000092506409
EMNIST,sketch,15,128,1,0.5,2592202,250,5,48,376,1500,0.9793999791145325
EMNIST,sketch,15,128,1,0.5,2592202,250,5,49,380,1532,0.9803000092506409
EMNIST,sketch,15,128,1,0.5,2592202,250,5,50,385,1563,0.9799000024795532
EMNIST,sketch,15,128,1,0.5,2592202,250,5,51,391,1594,0.9790999889373779
EMNIST,sketch,15,128,1,0.5,2592202,250,5,52,396,1625,0.9801999926567078
EMNIST,sketch,15,128,1,0.5,2592202,250,5,53,403,1657,0.9805999994277954
EMNIST,sketch,15,128,1,0.5,2592202,250,5,54,410,1688,0.9799000024795532
EMNIST,sketch,15,128,1,0.5,2592202,250,5,55,416,1719,0.9807999730110168
EMNIST,sketch,15,128,1,0.5,2592202,250,5,56,421,1750,0.9807000160217285
EMNIST,sketch,15,128,1,0.5,2592202,250,5,57,428,1782,0.9807000160217285
EMNIST,sketch,15,128,1,0.5,2592202,250,5,58,434,1813,0.9818999767303467
EMNIST,sketch,15,128,1,0.5,2592202,250,5,59,440,1844,0.9811000227928162
EMNIST,sketch,15,128,1,0.5,2592202,250,5,60,446,1875,0.9814000129699707
EMNIST,sketch,15,128,1,0.5,2592202,250,5,61,451,1907,0.982200026512146
EMNIST,sketch,15,128,1,0.5,2592202,250,5,62,456,1938,0.9818000197410583
EMNIST,sketch,15,128,1,0.5,2592202,250,5,63,461,1969,0.9819999933242798
EMNIST,sketch,15,128,1,0.5,2592202,250,5,64,467,2000,0.9815999865531921
EMNIST,sketch,15,128,1,0.5,2592202,250,5,65,473,2032,0.9812999963760376
EMNIST,sketch,15,128,1,0.5,2592202,250,5,66,477,2063,0.9811999797821045
EMNIST,sketch,15,128,1,0.5,2592202,250,5,67,482,2094,0.98089998960495
EMNIST,sketch,15,128,1,0.5,2592202,250,5,68,488,2125,0.9812999963760376
EMNIST,sketch,15,128,1,0.5,2592202,250,5,69,493,2157,0.9805999994277954
EMNIST,sketch,15,128,1,0.5,2592202,250,5,70,499,2188,0.9807000160217285
EMNIST,sketch,15,128,1,0.5,2592202,250,5,71,504,2219,0.9811999797821045
EMNIST,sketch,15,128,1,0.5,2592202,250,5,72,508,2250,0.9810000061988831
EMNIST,sketch,15,128,1,0.5,2592202,250,5,73,513,2282,0.9817000031471252
EMNIST,sketch,15,128,1,0.5,2592202,250,5,74,519,2313,0.9822999835014343
EMNIST,sketch,15,128,1,0.5,2592202,250,5,75,523,2344,0.9818000197410583
EMNIST,sketch,15,128,1,0.5,2592202,250,5,76,528,2375,0.9815000295639038
EMNIST,sketch,15,128,1,0.5,2592202,250,5,77,532,2407,0.9819999933242798
EMNIST,sketch,15,128,1,0.5,2592202,250,5,78,537,2438,0.9825999736785889
EMNIST,sketch,15,128,1,0.5,2592202,250,5,79,543,2469,0.9814000129699707
EMNIST,sketch,15,128,1,0.5,2592202,250,5,80,548,2500,0.9822999835014343
EMNIST,sketch,15,128,1,0.5,2592202,250,5,81,553,2532,0.9829000234603882
EMNIST,sketch,15,128,1,0.5,2592202,250,5,82,558,2563,0.982699990272522
EMNIST,sketch,15,128,1,0.5,2592202,250,5,83,564,2594,0.9825999736785889
EMNIST,sketch,15,128,1,0.5,2592202,250,5,84,568,2625,0.9818000197410583
EMNIST,sketch,15,128,1,0.5,2592202,250,5,85,573,2657,0.9812999963760376
EMNIST,sketch,15,128,1,0.5,2592202,250,5,86,577,2688,0.9821000099182129
EMNIST,sketch,15,128,1,0.5,2592202,250,5,87,583,2719,0.9815000295639038
EMNIST,sketch,15,128,1,0.5,2592202,250,5,88,587,2750,0.9800000190734863
EMNIST,sketch,15,128,1,0.5,2592202,250,5,89,593,2782,0.9800999760627747
EMNIST,sketch,15,128,1,0.5,2592202,250,5,90,597,2813,0.9811999797821045
EMNIST,sketch,15,128,1,0.5,2592202,250,5,91,603,2844,0.9814000129699707
EMNIST,sketch,15,128,1,0.5,2592202,250,5,92,607,2875,0.98089998960495
EMNIST,sketch,15,128,1,0.5,2592202,250,5,93,612,2907,0.9818000197410583
EMNIST,sketch,15,128,1,0.5,2592202,250,5,94,618,2938,0.9817000031471252
EMNIST,sketch,15,128,1,0.5,2592202,250,5,95,623,2969,0.9815999865531921
EMNIST,sketch,15,128,1,0.5,2592202,250,5,96,628,3000,0.9818999767303467
EMNIST,sketch,15,128,1,0.5,2592202,250,5,97,634,3032,0.982699990272522
EMNIST,sketch,15,128,1,0.5,2592202,250,5,98,638,3063,0.9829000234603882
EMNIST,sketch,15,128,1,0.5,2592202,250,5,99,642,3094,0.983299970626831
EMNIST,sketch,15,128,1,0.5,2592202,250,5,100,648,3125,0.9832000136375427
EMNIST,sketch,15,128,1,0.5,2592202,250,5,101,652,3157,0.9830999970436096
EMNIST,sketch,15,128,1,0.5,2592202,250,5,102,656,3188,0.984000027179718
EMNIST,sketch,15,128,1,0.5,2592202,250,5,103,660,3219,0.982699990272522
EMNIST,sketch,15,128,1,0.5,2592202,250,5,104,667,3250,0.9828000068664551
EMNIST,sketch,15,128,1,0.5,2592202,250,5,105,672,3282,0.9833999872207642
EMNIST,sketch,15,128,1,0.5,2592202,250,5,106,677,3313,0.982200026512146
EMNIST,sketch,15,128,1,0.5,2592202,250,5,107,680,3344,0.9821000099182129
EMNIST,sketch,15,128,1,0.5,2592202,250,5,108,684,3375,0.9819999933242798
EMNIST,sketch,15,128,1,0.5,2592202,250,5,109,689,3407,0.9824000000953674
EMNIST,sketch,15,128,1,0.5,2592202,250,5,110,694,3438,0.982200026512146
EMNIST,sketch,15,128,1,0.5,2592202,250,5,111,699,3469,0.9822999835014343
EMNIST,sketch,15,128,1,0.5,2592202,250,5,112,704,3500,0.9825000166893005
EMNIST,sketch,15,128,1,0.5,2592202,250,5,113,709,3532,0.9825999736785889
EMNIST,sketch,15,128,1,0.5,2592202,250,5,114,717,3563,0.9815000295639038
EMNIST,sketch,15,128,1,0.5,2592202,250,5,115,723,3594,0.9807999730110168
EMNIST,sketch,15,128,1,0.5,2592202,250,5,116,729,3625,0.9817000031471252
EMNIST,sketch,15,128,1,0.5,2592202,250,5,117,736,3657,0.9812999963760376
EMNIST,sketch,15,128,1,0.5,2592202,250,5,118,739,3688,0.9815000295639038
EMNIST,sketch,15,128,1,0.5,2592202,250,5,119,744,3719,0.9815999865531921
EMNIST,sketch,15,128,1,0.5,2592202,250,5,120,749,3750,0.9815999865531921
EMNIST,sketch,15,128,1,0.5,2592202,250,5,121,754,3782,0.9811999797821045
EMNIST,sketch,15,128,1,0.5,2592202,250,5,122,760,3813,0.9812999963760376
EMNIST,sketch,15,128,1,0.5,2592202,250,5,123,766,3844,0.9818999767303467
EMNIST,sketch,15,128,1,0.5,2592202,250,5,124,774,3875,0.982200026512146
EMNIST,sketch,15,128,1,0.5,2592202,250,5,125,781,3907,0.9818999767303467
EMNIST,sketch,15,128,1,0.5,2592202,250,5,126,786,3938,0.9824000000953674
EMNIST,sketch,15,128,1,0.5,2592202,250,5,127,792,3969,0.9830999970436096
EMNIST,sketch,15,128,1,0.5,2592202,250,5,128,797,4000,0.982200026512146
EMNIST,sketch,15,128,1,0.5,2592202,250,5,129,802,4032,0.9830999970436096
EMNIST,sketch,15,128,1,0.5,2592202,250,5,130,807,4063,0.982699990272522
EMNIST,sketch,15,128,1,0.5,2592202,250,5,131,812,4094,0.982699990272522
EMNIST,sketch,15,128,1,0.5,2592202,250,5,132,816,4125,0.9833999872207642
EMNIST,sketch,15,128,1,0.5,2592202,250,5,133,822,4157,0.9833999872207642
EMNIST,sketch,15,128,1,0.5,2592202,250,5,134,829,4188,0.9839000105857849
EMNIST,sketch,15,128,1,0.5,2592202,250,5,135,836,4219,0.9830999970436096
EMNIST,sketch,15,128,1,0.5,2592202,250,5,136,843,4250,0.9829999804496765
EMNIST,sketch,15,128,1,0.5,2592202,250,5,137,847,4282,0.9833999872207642
EMNIST,sketch,15,128,1,0.5,2592202,250,5,138,853,4313,0.984000027179718
EMNIST,sketch,15,128,1,0.5,2592202,250,5,139,860,4344,0.9833999872207642
EMNIST,sketch,15,128,1,0.5,2592202,250,5,140,865,4375,0.9832000136375427
EMNIST,sketch,15,128,1,0.5,2592202,250,5,141,873,4407,0.983299970626831
EMNIST,sketch,15,128,1,0.5,2592202,250,5,142,876,4438,0.9832000136375427
EMNIST,sketch,15,128,1,0.5,2592202,250,5,143,883,4469,0.9830999970436096
EMNIST,sketch,15,128,1,0.5,2592202,250,5,144,886,4500,0.9843000173568726
EMNIST,sketch,15,128,1,0.5,2592202,250,5,145,892,4532,0.984499990940094
EMNIST,sketch,15,128,1,0.5,2592202,250,5,146,896,4563,0.984000027179718
EMNIST,sketch,15,128,1,0.5,2592202,250,5,147,902,4594,0.982699990272522
EMNIST,sketch,15,128,1,0.5,2592202,250,5,148,908,4625,0.984000027179718
EMNIST,sketch,15,128,1,0.5,2592202,250,5,149,912,4657,0.9836000204086304
EMNIST,sketch,15,128,1,0.5,2592202,250,5,150,919,4688,0.9833999872207642
EMNIST,sketch,15,128,1,0.5,2592202,250,5,151,924,4719,0.9835000038146973
EMNIST,sketch,15,128,1,0.5,2592202,250,5,152,929,4750,0.9830999970436096
EMNIST,sketch,15,128,1,0.5,2592202,250,5,153,937,4782,0.9835000038146973
EMNIST,sketch,15,128,1,0.5,2592202,250,5,154,944,4813,0.982200026512146
EMNIST,sketch,15,128,1,0.5,2592202,250,5,155,950,4844,0.9837999939918518
EMNIST,sketch,15,128,1,0.5,2592202,250,5,156,957,4875,0.9836999773979187
EMNIST,sketch,15,128,1,0.5,2592202,250,5,157,963,4907,0.9835000038146973
EMNIST,sketch,15,128,1,0.5,2592202,250,5,158,966,4938,0.9833999872207642
EMNIST,sketch,15,128,1,0.5,2592202,250,5,159,973,4969,0.9825999736785889
EMNIST,sketch,15,128,1,0.5,2592202,250,5,160,976,5000,0.9819999933242798
EMNIST,sketch,15,128,1,0.5,2592202,250,5,161,983,5032,0.9833999872207642
EMNIST,sketch,15,128,1,0.5,2592202,250,5,162,987,5063,0.9830999970436096
EMNIST,sketch,15,128,1,0.5,2592202,250,5,163,992,5094,0.983299970626831
EMNIST,sketch,15,128,1,0.5,2592202,250,5,164,996,5125,0.9833999872207642
EMNIST,sketch,15,128,1,0.5,2592202,250,5,165,1002,5157,0.9824000000953674
EMNIST,sketch,15,128,1,0.5,2592202,250,5,166,1005,5188,0.9825000166893005
EMNIST,sketch,15,128,1,0.5,2592202,250,5,167,1011,5219,0.9839000105857849
EMNIST,sketch,15,128,1,0.5,2592202,250,5,168,1016,5250,0.984499990940094
EMNIST,sketch,15,128,1,0.5,2592202,250,5,169,1021,5282,0.9840999841690063
EMNIST,sketch,15,128,1,0.5,2592202,250,5,170,1025,5313,0.9840999841690063
EMNIST,sketch,15,128,1,0.5,2592202,250,5,171,1029,5344,0.9840999841690063
EMNIST,sketch,15,128,1,0.5,2592202,250,5,172,1034,5375,0.9836000204086304
EMNIST,sketch,15,128,1,0.5,2592202,250,5,173,1038,5407,0.9829000234603882
EMNIST,sketch,15,128,1,0.5,2592202,250,5,174,1044,5438,0.9836999773979187
EMNIST,sketch,15,128,1,0.5,2592202,250,5,175,1048,5469,0.9833999872207642
EMNIST,sketch,15,128,1,0.5,2592202,250,5,176,1053,5500,0.9837999939918518
EMNIST,sketch,15,128,1,0.5,2592202,250,5,177,1057,5532,0.9836000204086304
EMNIST,sketch,15,128,1,0.5,2592202,250,5,178,1065,5563,0.9833999872207642
EMNIST,sketch,15,128,1,0.5,2592202,250,5,179,1070,5594,0.9840999841690063
EMNIST,sketch,15,128,1,0.5,2592202,250,5,180,1078,5625,0.9836999773979187
EMNIST,sketch,15,128,1,0.5,2592202,250,5,181,1085,5657,0.9835000038146973
EMNIST,sketch,15,128,1,0.5,2592202,250,5,182,1090,5688,0.9842000007629395
EMNIST,sketch,15,128,1,0.5,2592202,250,5,183,1095,5719,0.9839000105857849
EMNIST,sketch,15,128,1,0.5,2592202,250,5,184,1103,5750,0.9836999773979187
EMNIST,sketch,15,128,1,0.5,2592202,250,5,185,1110,5782,0.9825999736785889
EMNIST,sketch,15,128,1,0.5,2592202,250,5,186,1118,5813,0.9835000038146973
EMNIST,sketch,15,128,1,0.5,2592202,250,5,187,1123,5844,0.983299970626831
EMNIST,sketch,15,128,1,0.5,2592202,250,5,188,1130,5875,0.9829000234603882
EMNIST,sketch,15,128,1,0.5,2592202,250,5,189,1136,5907,0.9829999804496765
EMNIST,sketch,15,128,1,0.5,2592202,250,5,190,1142,5938,0.9830999970436096
EMNIST,sketch,15,128,1,0.5,2592202,250,5,191,1148,5969,0.9839000105857849
EMNIST,sketch,15,128,1,0.5,2592202,250,5,192,1155,6000,0.9836999773979187
EMNIST,sketch,15,128,1,0.5,2592202,250,5,193,1163,6032,0.9837999939918518
EMNIST,sketch,15,128,1,0.5,2592202,250,5,194,1169,6063,0.9843999743461609
EMNIST,sketch,15,128,1,0.5,2592202,250,5,195,1172,6094,0.9843000173568726
EMNIST,sketch,15,128,1,0.5,2592202,250,5,196,1181,6125,0.9833999872207642
EMNIST,sketch,15,128,1,0.5,2592202,250,5,197,1185,6157,0.9835000038146973
EMNIST,sketch,15,128,1,0.5,2592202,250,5,198,1191,6188,0.984000027179718
EMNIST,sketch,15,128,1,0.5,2592202,250,5,199,1198,6219,0.982699990272522
EMNIST,sketch,15,128,1,0.5,2592202,250,5,200,1201,6250,0.9836000204086304
EMNIST,sketch,15,128,1,0.5,2592202,250,5,201,1206,6282,0.983299970626831
EMNIST,sketch,15,128,1,0.5,2592202,250,5,202,1212,6313,0.9836999773979187
EMNIST,sketch,15,128,1,0.5,2592202,250,5,203,1219,6344,0.9835000038146973
EMNIST,sketch,15,128,1,0.5,2592202,250,5,204,1224,6375,0.9836999773979187
EMNIST,sketch,15,128,1,0.5,2592202,250,5,205,1230,6407,0.983299970626831
EMNIST,sketch,15,128,1,0.5,2592202,250,5,206,1235,6438,0.9843999743461609
EMNIST,sketch,15,128,1,0.5,2592202,250,5,207,1237,6469,0.9843000173568726
EMNIST,sketch,15,128,1,0.5,2592202,250,5,208,1245,6500,0.9839000105857849
EMNIST,sketch,15,128,1,0.5,2592202,250,5,209,1249,6532,0.9847000241279602
EMNIST,sketch,15,128,1,0.5,2592202,250,5,210,1254,6563,0.9847999811172485
EMNIST,sketch,15,128,1,0.5,2592202,250,5,211,1260,6594,0.983299970626831
EMNIST,sketch,15,128,1,0.5,2592202,250,5,212,1265,6625,0.9840999841690063
EMNIST,sketch,15,128,1,0.5,2592202,250,5,213,1272,6657,0.9836999773979187
EMNIST,sketch,15,128,1,0.5,2592202,250,5,214,1278,6688,0.9843000173568726
EMNIST,sketch,15,128,1,0.5,2592202,250,5,215,1285,6719,0.9842000007629395
EMNIST,sketch,15,128,1,0.5,2592202,250,5,216,1293,6750,0.9840999841690063
EMNIST,sketch,15,128,1,0.5,2592202,250,5,217,1296,6782,0.9843000173568726
EMNIST,sketch,15,128,1,0.5,2592202,250,5,218,1303,6813,0.984000027179718
EMNIST,sketch,15,128,1,0.5,2592202,250,5,219,1310,6844,0.9848999977111816
EMNIST,sketch,15,128,1,0.5,2592202,250,5,220,1315,6875,0.9848999977111816
EMNIST,sketch,15,128,1,0.5,2592202,250,5,221,1319,6907,0.9840999841690063
EMNIST,sketch,15,128,1,0.5,2592202,250,5,222,1325,6938,0.984499990940094
EMNIST,sketch,15,128,1,0.5,2592202,250,5,223,1330,6969,0.9843999743461609
EMNIST,sketch,15,128,1,0.5,2592202,250,5,224,1336,7000,0.9837999939918518
EMNIST,sketch,15,128,1,0.5,2592202,250,5,225,1342,7032,0.9833999872207642
EMNIST,sketch,15,128,1,0.5,2592202,250,5,226,1350,7063,0.9839000105857849
EMNIST,sketch,15,128,1,0.5,2592202,250,5,227,1355,7094,0.9843000173568726
EMNIST,sketch,15,128,1,0.5,2592202,250,5,228,1362,7125,0.9843000173568726
EMNIST,sketch,15,128,1,0.5,2592202,250,5,229,1367,7157,0.9843000173568726
EMNIST,sketch,15,128,1,0.5,2592202,250,5,230,1373,7188,0.9842000007629395
EMNIST,sketch,15,128,1,0.5,2592202,250,5,231,1378,7219,0.9836000204086304
EMNIST,sketch,15,128,1,0.5,2592202,250,5,232,1383,7250,0.984499990940094
EMNIST,sketch,15,128,1,0.5,2592202,250,5,233,1386,7282,0.9839000105857849
EMNIST,sketch,15,128,1,0.5,2592202,250,5,234,1390,7313,0.9842000007629395
EMNIST,sketch,15,128,1,0.5,2592202,250,5,235,1396,7344,0.9846000075340271
EMNIST,sketch,15,128,1,0.5,2592202,250,5,236,1403,7375,0.984000027179718
EMNIST,sketch,15,128,1,0.5,2592202,250,5,237,1408,7407,0.9850000143051147
EMNIST,sketch,15,128,1,0.5,2592202,250,5,238,1413,7438,0.9842000007629395
EMNIST,sketch,15,128,1,0.5,2592202,250,5,239,1415,7469,0.9842000007629395
EMNIST,sketch,15,128,1,0.5,2592202,250,5,240,1419,7500,0.9837999939918518
EMNIST,sketch,15,128,1,0.5,2592202,250,5,241,1425,7532,0.9847000241279602
EMNIST,sketch,15,128,1,0.5,2592202,250,5,242,1434,7563,0.9833999872207642
EMNIST,sketch,15,128,1,0.5,2592202,250,5,243,1437,7594,0.9836000204086304
EMNIST,sketch,15,128,1,0.5,2592202,250,5,244,1445,7625,0.9836999773979187
EMNIST,sketch,15,128,1,0.5,2592202,250,5,245,1454,7657,0.9840999841690063
EMNIST,sketch,15,128,1,0.5,2592202,250,5,246,1463,7688,0.984000027179718
EMNIST,sketch,15,128,1,0.5,2592202,250,5,247,1468,7719,0.9840999841690063
EMNIST,sketch,15,128,1,0.5,2592202,250,5,248,1472,7750,0.9843999743461609
EMNIST,sketch,15,128,1,0.5,2592202,250,5,249,1481,7782,0.9839000105857849
EMNIST,sketch,15,128,1,0.5,2592202,250,5,250,1487,7813,0.9835000038146973
EMNIST,sketch,15,128,1,0.5,2592202,250,5,251,1492,7844,0.984000027179718
EMNIST,sketch,15,128,1,0.5,2592202,250,5,252,1499,7875,0.9832000136375427
EMNIST,sketch,15,128,1,0.5,2592202,250,5,253,1506,7907,0.9846000075340271
EMNIST,sketch,15,128,1,0.5,2592202,250,5,254,1512,7938,0.9843999743461609
EMNIST,sketch,15,128,1,0.5,2592202,250,5,255,1520,7969,0.9839000105857849
EMNIST,sketch,15,128,1,0.5,2592202,250,5,256,1527,8000,0.9848999977111816
EMNIST,sketch,15,128,1,0.5,2592202,250,5,257,1532,8032,0.9848999977111816
EMNIST,sketch,15,128,1,0.5,2592202,250,5,258,1537,8063,0.9847000241279602
EMNIST,sketch,15,128,1,0.5,2592202,250,5,259,1542,8094,0.9851999878883362
EMNIST,sketch,15,128,1,0.5,2592202,250,5,260,1548,8125,0.9848999977111816
EMNIST,sketch,15,128,1,0.5,2592202,250,5,261,1552,8157,0.984499990940094
EMNIST,sketch,15,128,1,0.5,2592202,250,5,262,1557,8188,0.984499990940094
EMNIST,sketch,15,128,1,0.5,2592202,250,5,263,1565,8219,0.9848999977111816
EMNIST,sketch,15,128,1,0.5,2592202,250,5,264,1572,8250,0.9861000180244446
EMNIST,sketch,15,128,1,0.5,2592202,250,5,265,1579,8282,0.9850999712944031
EMNIST,sketch,15,128,1,0.5,2592202,250,5,266,1582,8313,0.9858999848365784
EMNIST,sketch,15,128,1,0.5,2592202,250,5,267,1588,8344,0.9851999878883362
EMNIST,sketch,15,128,1,0.5,2592202,250,5,268,1593,8375,0.9843000173568726
EMNIST,sketch,15,128,1,0.5,2592202,250,5,269,1601,8407,0.9864000082015991
EMNIST,sketch,15,128,1,0.5,2592202,250,5,270,1609,8438,0.9861000180244446
EMNIST,sketch,15,128,1,0.5,2592202,250,5,271,1615,8469,0.9858999848365784
EMNIST,sketch,15,128,1,0.5,2592202,250,5,272,1622,8500,0.9850000143051147
EMNIST,sketch,15,128,1,0.5,2592202,250,5,273,1628,8532,0.9850999712944031
EMNIST,sketch,15,128,1,0.5,2592202,250,5,274,1634,8563,0.9847999811172485
EMNIST,sketch,15,128,1,0.5,2592202,250,5,275,1639,8594,0.9847000241279602
EMNIST,sketch,15,128,1,0.5,2592202,250,5,276,1646,8625,0.9847000241279602
EMNIST,sketch,15,128,1,0.5,2592202,250,5,277,1648,8657,0.9843000173568726
EMNIST,sketch,15,128,1,0.5,2592202,250,5,278,1652,8688,0.9846000075340271
EMNIST,sketch,15,128,1,0.5,2592202,250,5,279,1658,8719,0.9850999712944031
EMNIST,sketch,15,128,1,0.5,2592202,250,5,280,1664,8750,0.9854999780654907
EMNIST,sketch,15,128,1,0.5,2592202,250,5,281,1669,8782,0.9855999946594238
EMNIST,sketch,15,128,1,0.5,2592202,250,5,282,1672,8813,0.9855999946594238
EMNIST,sketch,15,128,1,0.5,2592202,250,5,283,1675,8844,0.9851999878883362
EMNIST,sketch,15,128,1,0.5,2592202,250,5,284,1682,8875,0.9840999841690063
EMNIST,sketch,15,128,1,0.5,2592202,250,5,285,1688,8907,0.9837999939918518
EMNIST,sketch,15,128,1,0.5,2592202,250,5,286,1692,8938,0.9842000007629395
EMNIST,sketch,15,128,1,0.5,2592202,250,5,287,1694,8969,0.9840999841690063
EMNIST,sketch,15,128,1,0.5,2592202,250,5,288,1697,9000,0.9847000241279602
EMNIST,sketch,15,128,1,0.5,2592202,250,5,289,1699,9032,0.984499990940094
EMNIST,sketch,15,128,1,0.5,2592202,250,5,290,1703,9063,0.9842000007629395
EMNIST,sketch,15,128,1,0.5,2592202,250,5,291,1709,9094,0.9846000075340271
EMNIST,sketch,15,128,1,0.5,2592202,250,5,292,1712,9125,0.984000027179718
EMNIST,sketch,15,128,1,0.5,2592202,250,5,293,1716,9157,0.9840999841690063
EMNIST,sketch,15,128,1,0.5,2592202,250,5,294,1718,9188,0.9843000173568726
EMNIST,sketch,15,128,1,0.5,2592202,250,5,295,1722,9219,0.984000027179718
EMNIST,sketch,15,128,1,0.5,2592202,250,5,296,1729,9250,0.9837999939918518
EMNIST,sketch,15,128,1,0.5,2592202,250,5,297,1731,9282,0.984499990940094
EMNIST,sketch,15,128,1,0.5,2592202,250,5,298,1736,9313,0.9846000075340271
EMNIST,sketch,15,128,1,0.5,2592202,250,5,299,1740,9344,0.984499990940094
EMNIST,sketch,15,128,1,0.5,2592202,250,5,300,1742,9375,0.9842000007629395
