dataset_name,fda_name,num_clients,batch_size,num_steps_until_rtc_check,theta,nn_name,nn_num_weights,sketch_width,sketch_depth,epoch,total_rounds,total_fda_steps,accuracy
MNIST,linear,35,64,1,1.5,AdvancedCNN,2592202,-1,-1,1,9,27,0.9065999984741211
MNIST,linear,35,64,1,1.5,AdvancedCNN,2592202,-1,-1,2,15,54,0.9632999897003174
MNIST,linear,35,64,1,1.5,AdvancedCNN,2592202,-1,-1,3,19,81,0.9751999974250793
MNIST,linear,35,64,1,1.5,AdvancedCNN,2592202,-1,-1,4,24,108,0.9807999730110168
MNIST,linear,35,64,1,1.5,AdvancedCNN,2592202,-1,-1,5,28,134,0.9850000143051147
MNIST,linear,35,64,1,1.5,AdvancedCNN,2592202,-1,-1,6,33,161,0.9868999719619751
MNIST,linear,35,64,1,1.5,AdvancedCNN,2592202,-1,-1,7,37,188,0.9886999726295471
MNIST,linear,35,64,1,1.5,AdvancedCNN,2592202,-1,-1,8,42,215,0.9894000291824341
MNIST,linear,35,64,1,1.5,AdvancedCNN,2592202,-1,-1,9,46,242,0.9908999800682068
MNIST,linear,35,64,1,1.5,AdvancedCNN,2592202,-1,-1,10,51,268,0.991100013256073
MNIST,linear,35,64,1,1.5,AdvancedCNN,2592202,-1,-1,11,55,295,0.9912999868392944
MNIST,linear,35,64,1,1.5,AdvancedCNN,2592202,-1,-1,12,60,322,0.9916999936103821
MNIST,linear,35,64,1,1.5,AdvancedCNN,2592202,-1,-1,13,64,349,0.9921000003814697
MNIST,linear,35,64,1,1.5,AdvancedCNN,2592202,-1,-1,14,69,375,0.9926000237464905
MNIST,linear,35,64,1,1.5,AdvancedCNN,2592202,-1,-1,15,73,402,0.9926999807357788
MNIST,linear,35,64,1,1.5,AdvancedCNN,2592202,-1,-1,16,78,429,0.9934999942779541
MNIST,linear,35,64,1,1.5,AdvancedCNN,2592202,-1,-1,17,82,456,0.9936000108718872
MNIST,linear,35,64,1,1.5,AdvancedCNN,2592202,-1,-1,18,87,483,0.993399977684021
MNIST,linear,35,64,1,1.5,AdvancedCNN,2592202,-1,-1,19,91,509,0.9934999942779541
MNIST,linear,35,64,1,1.5,AdvancedCNN,2592202,-1,-1,20,95,536,0.9939000010490417
MNIST,linear,35,64,1,1.5,AdvancedCNN,2592202,-1,-1,21,100,563,0.9937000274658203
MNIST,linear,35,64,1,1.5,AdvancedCNN,2592202,-1,-1,22,104,590,0.9934999942779541
MNIST,linear,35,64,1,1.5,AdvancedCNN,2592202,-1,-1,23,109,617,0.9941999912261963
MNIST,linear,35,64,1,1.5,AdvancedCNN,2592202,-1,-1,24,113,643,0.9939000010490417
MNIST,linear,35,64,1,1.5,AdvancedCNN,2592202,-1,-1,25,118,670,0.9940999746322632
MNIST,linear,35,64,1,1.5,AdvancedCNN,2592202,-1,-1,26,122,697,0.9937999844551086
MNIST,linear,35,64,1,1.5,AdvancedCNN,2592202,-1,-1,27,126,724,0.9937999844551086
MNIST,linear,35,64,1,1.5,AdvancedCNN,2592202,-1,-1,28,131,750,0.9944000244140625
MNIST,linear,35,64,1,1.5,AdvancedCNN,2592202,-1,-1,29,135,777,0.9944000244140625
MNIST,linear,35,64,1,1.5,AdvancedCNN,2592202,-1,-1,30,140,804,0.9941999912261963
MNIST,linear,35,64,1,1.5,AdvancedCNN,2592202,-1,-1,31,144,831,0.9943000078201294
MNIST,linear,35,64,1,1.5,AdvancedCNN,2592202,-1,-1,32,148,858,0.9940000176429749
MNIST,linear,35,64,1,1.5,AdvancedCNN,2592202,-1,-1,33,152,884,0.9943000078201294
MNIST,linear,35,64,1,1.5,AdvancedCNN,2592202,-1,-1,34,156,911,0.9943000078201294
MNIST,linear,35,64,1,1.5,AdvancedCNN,2592202,-1,-1,35,160,938,0.9940000176429749
MNIST,linear,35,64,1,1.5,AdvancedCNN,2592202,-1,-1,36,164,965,0.9943000078201294
MNIST,linear,35,64,1,1.5,AdvancedCNN,2592202,-1,-1,37,168,992,0.9944000244140625
MNIST,linear,35,64,1,1.5,AdvancedCNN,2592202,-1,-1,38,172,1018,0.9940000176429749
MNIST,linear,35,64,1,1.5,AdvancedCNN,2592202,-1,-1,39,176,1045,0.9950000047683716
MNIST,linear,35,64,1,1.5,AdvancedCNN,2592202,-1,-1,40,181,1072,0.9948999881744385
MNIST,linear,35,64,1,1.5,AdvancedCNN,2592202,-1,-1,41,185,1099,0.9940999746322632
MNIST,linear,35,64,1,1.5,AdvancedCNN,2592202,-1,-1,42,188,1125,0.9944999814033508
MNIST,linear,35,64,1,1.5,AdvancedCNN,2592202,-1,-1,43,192,1152,0.9945999979972839
MNIST,linear,35,64,1,1.5,AdvancedCNN,2592202,-1,-1,44,196,1179,0.9940999746322632
MNIST,linear,35,64,1,1.5,AdvancedCNN,2592202,-1,-1,45,200,1206,0.9944000244140625
MNIST,linear,35,64,1,1.5,AdvancedCNN,2592202,-1,-1,46,204,1233,0.9937999844551086
MNIST,linear,35,64,1,1.5,AdvancedCNN,2592202,-1,-1,47,208,1259,0.9940999746322632
MNIST,linear,35,64,1,1.5,AdvancedCNN,2592202,-1,-1,48,212,1286,0.9940000176429749
MNIST,linear,35,64,1,1.5,AdvancedCNN,2592202,-1,-1,49,215,1313,0.9944999814033508
MNIST,linear,35,64,1,1.5,AdvancedCNN,2592202,-1,-1,50,219,1340,0.9943000078201294
MNIST,linear,35,64,1,1.5,AdvancedCNN,2592202,-1,-1,51,223,1367,0.9944999814033508
MNIST,linear,35,64,1,1.5,AdvancedCNN,2592202,-1,-1,52,226,1393,0.9947999715805054
MNIST,linear,35,64,1,1.5,AdvancedCNN,2592202,-1,-1,53,230,1420,0.9947999715805054
MNIST,linear,35,64,1,1.5,AdvancedCNN,2592202,-1,-1,54,234,1447,0.9945999979972839
MNIST,linear,35,64,1,1.5,AdvancedCNN,2592202,-1,-1,55,237,1474,0.9947999715805054
MNIST,linear,35,64,1,1.5,AdvancedCNN,2592202,-1,-1,56,241,1500,0.9944999814033508
MNIST,linear,35,64,1,1.5,AdvancedCNN,2592202,-1,-1,57,244,1527,0.9943000078201294
MNIST,linear,35,64,1,1.5,AdvancedCNN,2592202,-1,-1,58,248,1554,0.9944000244140625
MNIST,linear,35,64,1,1.5,AdvancedCNN,2592202,-1,-1,59,252,1581,0.9947999715805054
MNIST,linear,35,64,1,1.5,AdvancedCNN,2592202,-1,-1,60,256,1608,0.9944999814033508
MNIST,linear,35,64,1,1.5,AdvancedCNN,2592202,-1,-1,61,260,1634,0.9944999814033508
MNIST,linear,35,64,1,1.5,AdvancedCNN,2592202,-1,-1,62,263,1661,0.9948999881744385
MNIST,linear,35,64,1,1.5,AdvancedCNN,2592202,-1,-1,63,267,1688,0.994700014591217
MNIST,linear,35,64,1,1.5,AdvancedCNN,2592202,-1,-1,64,270,1715,0.9943000078201294
MNIST,linear,35,64,1,1.5,AdvancedCNN,2592202,-1,-1,65,274,1742,0.9947999715805054
MNIST,linear,35,64,1,1.5,AdvancedCNN,2592202,-1,-1,66,277,1768,0.9945999979972839
MNIST,linear,35,64,1,1.5,AdvancedCNN,2592202,-1,-1,67,281,1795,0.9945999979972839
MNIST,linear,35,64,1,1.5,AdvancedCNN,2592202,-1,-1,68,284,1822,0.9945999979972839
MNIST,linear,35,64,1,1.5,AdvancedCNN,2592202,-1,-1,69,288,1849,0.9947999715805054
MNIST,linear,35,64,1,1.5,AdvancedCNN,2592202,-1,-1,70,291,1875,0.9945999979972839
MNIST,linear,35,64,1,1.5,AdvancedCNN,2592202,-1,-1,71,295,1902,0.9939000010490417
MNIST,linear,35,64,1,1.5,AdvancedCNN,2592202,-1,-1,72,298,1929,0.9939000010490417
MNIST,linear,35,64,1,1.5,AdvancedCNN,2592202,-1,-1,73,302,1956,0.9943000078201294
MNIST,linear,35,64,1,1.5,AdvancedCNN,2592202,-1,-1,74,305,1983,0.9939000010490417
MNIST,linear,35,64,1,1.5,AdvancedCNN,2592202,-1,-1,75,308,2009,0.9947999715805054
MNIST,linear,35,64,1,1.5,AdvancedCNN,2592202,-1,-1,76,312,2036,0.9944999814033508
MNIST,linear,35,64,1,1.5,AdvancedCNN,2592202,-1,-1,77,315,2063,0.9947999715805054
MNIST,linear,35,64,1,1.5,AdvancedCNN,2592202,-1,-1,78,318,2090,0.9948999881744385
MNIST,linear,35,64,1,1.5,AdvancedCNN,2592202,-1,-1,79,321,2117,0.9945999979972839
MNIST,linear,35,64,1,1.5,AdvancedCNN,2592202,-1,-1,80,325,2143,0.994700014591217
MNIST,linear,35,64,1,1.5,AdvancedCNN,2592202,-1,-1,81,329,2170,0.9945999979972839
MNIST,linear,35,64,1,1.5,AdvancedCNN,2592202,-1,-1,82,332,2197,0.9945999979972839
MNIST,linear,35,64,1,1.5,AdvancedCNN,2592202,-1,-1,83,336,2224,0.9945999979972839
MNIST,linear,35,64,1,1.5,AdvancedCNN,2592202,-1,-1,84,339,2250,0.994700014591217
MNIST,linear,35,64,1,1.5,AdvancedCNN,2592202,-1,-1,85,343,2277,0.9940000176429749
MNIST,linear,35,64,1,1.5,AdvancedCNN,2592202,-1,-1,86,346,2304,0.9943000078201294
MNIST,linear,35,64,1,1.5,AdvancedCNN,2592202,-1,-1,87,350,2331,0.9947999715805054
MNIST,linear,35,64,1,1.5,AdvancedCNN,2592202,-1,-1,88,353,2358,0.9944000244140625
MNIST,linear,35,64,1,1.5,AdvancedCNN,2592202,-1,-1,89,356,2384,0.9945999979972839
MNIST,linear,35,64,1,1.5,AdvancedCNN,2592202,-1,-1,90,360,2411,0.994700014591217
MNIST,linear,35,64,1,1.5,AdvancedCNN,2592202,-1,-1,91,363,2438,0.994700014591217
MNIST,linear,35,64,1,1.5,AdvancedCNN,2592202,-1,-1,92,367,2465,0.9948999881744385
MNIST,linear,35,64,1,1.5,AdvancedCNN,2592202,-1,-1,93,370,2492,0.9951000213623047
MNIST,linear,35,64,1,1.5,AdvancedCNN,2592202,-1,-1,94,374,2518,0.9948999881744385
MNIST,linear,35,64,1,1.5,AdvancedCNN,2592202,-1,-1,95,376,2545,0.9947999715805054
MNIST,linear,35,64,1,1.5,AdvancedCNN,2592202,-1,-1,96,380,2572,0.9945999979972839
MNIST,linear,35,64,1,1.5,AdvancedCNN,2592202,-1,-1,97,384,2599,0.9944000244140625
MNIST,linear,35,64,1,1.5,AdvancedCNN,2592202,-1,-1,98,387,2625,0.9944999814033508
MNIST,linear,35,64,1,1.5,AdvancedCNN,2592202,-1,-1,99,391,2652,0.9945999979972839
MNIST,linear,35,64,1,1.5,AdvancedCNN,2592202,-1,-1,100,395,2679,0.9941999912261963
MNIST,linear,35,64,1,1.5,AdvancedCNN,2592202,-1,-1,101,398,2706,0.9944999814033508
MNIST,linear,35,64,1,1.5,AdvancedCNN,2592202,-1,-1,102,402,2733,0.9947999715805054
MNIST,linear,35,64,1,1.5,AdvancedCNN,2592202,-1,-1,103,405,2759,0.9947999715805054
MNIST,linear,35,64,1,1.5,AdvancedCNN,2592202,-1,-1,104,409,2786,0.994700014591217
MNIST,linear,35,64,1,1.5,AdvancedCNN,2592202,-1,-1,105,413,2813,0.9944000244140625
MNIST,linear,35,64,1,1.5,AdvancedCNN,2592202,-1,-1,106,417,2840,0.9944000244140625
MNIST,linear,35,64,1,1.5,AdvancedCNN,2592202,-1,-1,107,420,2867,0.9944999814033508
MNIST,linear,35,64,1,1.5,AdvancedCNN,2592202,-1,-1,108,423,2893,0.9945999979972839
MNIST,linear,35,64,1,1.5,AdvancedCNN,2592202,-1,-1,109,427,2920,0.994700014591217
MNIST,linear,35,64,1,1.5,AdvancedCNN,2592202,-1,-1,110,431,2947,0.9944999814033508
MNIST,linear,35,64,1,1.5,AdvancedCNN,2592202,-1,-1,111,434,2974,0.9941999912261963
MNIST,linear,35,64,1,1.5,AdvancedCNN,2592202,-1,-1,112,437,3000,0.9944999814033508
MNIST,linear,35,64,1,1.5,AdvancedCNN,2592202,-1,-1,113,442,3027,0.9943000078201294
MNIST,linear,35,64,1,1.5,AdvancedCNN,2592202,-1,-1,114,444,3054,0.9944999814033508
MNIST,linear,35,64,1,1.5,AdvancedCNN,2592202,-1,-1,115,447,3081,0.9945999979972839
MNIST,linear,35,64,1,1.5,AdvancedCNN,2592202,-1,-1,116,450,3108,0.9941999912261963
MNIST,linear,35,64,1,1.5,AdvancedCNN,2592202,-1,-1,117,453,3134,0.9950000047683716
MNIST,linear,35,64,1,1.5,AdvancedCNN,2592202,-1,-1,118,457,3161,0.9945999979972839
MNIST,linear,35,64,1,1.5,AdvancedCNN,2592202,-1,-1,119,460,3188,0.9951000213623047
MNIST,linear,35,64,1,1.5,AdvancedCNN,2592202,-1,-1,120,463,3215,0.9951000213623047
MNIST,linear,35,64,1,1.5,AdvancedCNN,2592202,-1,-1,121,466,3242,0.9947999715805054
MNIST,linear,35,64,1,1.5,AdvancedCNN,2592202,-1,-1,122,469,3268,0.9948999881744385
MNIST,linear,35,64,1,1.5,AdvancedCNN,2592202,-1,-1,123,473,3295,0.994700014591217
MNIST,linear,35,64,1,1.5,AdvancedCNN,2592202,-1,-1,124,477,3322,0.9948999881744385
MNIST,linear,35,64,1,1.5,AdvancedCNN,2592202,-1,-1,125,480,3349,0.9951000213623047
MNIST,linear,35,64,1,1.5,AdvancedCNN,2592202,-1,-1,126,483,3375,0.9951000213623047
MNIST,linear,35,64,1,1.5,AdvancedCNN,2592202,-1,-1,127,487,3402,0.9947999715805054
MNIST,linear,35,64,1,1.5,AdvancedCNN,2592202,-1,-1,128,491,3429,0.9947999715805054
MNIST,linear,35,64,1,1.5,AdvancedCNN,2592202,-1,-1,129,495,3456,0.9944999814033508
MNIST,linear,35,64,1,1.5,AdvancedCNN,2592202,-1,-1,130,498,3483,0.9951000213623047
MNIST,linear,35,64,1,1.5,AdvancedCNN,2592202,-1,-1,131,502,3509,0.9947999715805054
MNIST,linear,35,64,1,1.5,AdvancedCNN,2592202,-1,-1,132,506,3536,0.994700014591217
MNIST,linear,35,64,1,1.5,AdvancedCNN,2592202,-1,-1,133,510,3563,0.9951000213623047
MNIST,linear,35,64,1,1.5,AdvancedCNN,2592202,-1,-1,134,513,3590,0.9943000078201294
MNIST,linear,35,64,1,1.5,AdvancedCNN,2592202,-1,-1,135,517,3617,0.9943000078201294
MNIST,linear,35,64,1,1.5,AdvancedCNN,2592202,-1,-1,136,521,3643,0.994700014591217
MNIST,linear,35,64,1,1.5,AdvancedCNN,2592202,-1,-1,137,524,3670,0.9947999715805054
MNIST,linear,35,64,1,1.5,AdvancedCNN,2592202,-1,-1,138,527,3697,0.9944000244140625
MNIST,linear,35,64,1,1.5,AdvancedCNN,2592202,-1,-1,139,531,3724,0.9944999814033508
MNIST,linear,35,64,1,1.5,AdvancedCNN,2592202,-1,-1,140,535,3750,0.9948999881744385
MNIST,linear,35,64,1,1.5,AdvancedCNN,2592202,-1,-1,141,538,3777,0.994700014591217
MNIST,linear,35,64,1,1.5,AdvancedCNN,2592202,-1,-1,142,542,3804,0.9944999814033508
MNIST,linear,35,64,1,1.5,AdvancedCNN,2592202,-1,-1,143,545,3831,0.9943000078201294
MNIST,linear,35,64,1,1.5,AdvancedCNN,2592202,-1,-1,144,548,3858,0.994700014591217
MNIST,linear,35,64,1,1.5,AdvancedCNN,2592202,-1,-1,145,552,3884,0.9944000244140625
MNIST,linear,35,64,1,1.5,AdvancedCNN,2592202,-1,-1,146,555,3911,0.9944999814033508
MNIST,linear,35,64,1,1.5,AdvancedCNN,2592202,-1,-1,147,559,3938,0.9944999814033508
MNIST,linear,35,64,1,1.5,AdvancedCNN,2592202,-1,-1,148,562,3965,0.9945999979972839
MNIST,linear,35,64,1,1.5,AdvancedCNN,2592202,-1,-1,149,566,3992,0.9945999979972839
MNIST,linear,35,64,1,1.5,AdvancedCNN,2592202,-1,-1,150,569,4018,0.994700014591217
MNIST,linear,35,64,1,1.5,AdvancedCNN,2592202,-1,-1,151,573,4045,0.9944000244140625
MNIST,linear,35,64,1,1.5,AdvancedCNN,2592202,-1,-1,152,576,4072,0.9945999979972839
MNIST,linear,35,64,1,1.5,AdvancedCNN,2592202,-1,-1,153,579,4099,0.9944999814033508
MNIST,linear,35,64,1,1.5,AdvancedCNN,2592202,-1,-1,154,582,4125,0.994700014591217
MNIST,linear,35,64,1,1.5,AdvancedCNN,2592202,-1,-1,155,585,4152,0.9945999979972839
MNIST,linear,35,64,1,1.5,AdvancedCNN,2592202,-1,-1,156,589,4179,0.994700014591217
MNIST,linear,35,64,1,1.5,AdvancedCNN,2592202,-1,-1,157,593,4206,0.9947999715805054
MNIST,linear,35,64,1,1.5,AdvancedCNN,2592202,-1,-1,158,597,4233,0.9944999814033508
MNIST,linear,35,64,1,1.5,AdvancedCNN,2592202,-1,-1,159,601,4259,0.9944999814033508
MNIST,linear,35,64,1,1.5,AdvancedCNN,2592202,-1,-1,160,604,4286,0.9945999979972839
MNIST,linear,35,64,1,1.5,AdvancedCNN,2592202,-1,-1,161,607,4313,0.9944000244140625
MNIST,linear,35,64,1,1.5,AdvancedCNN,2592202,-1,-1,162,611,4340,0.9944000244140625
MNIST,linear,35,64,1,1.5,AdvancedCNN,2592202,-1,-1,163,614,4367,0.9944999814033508
MNIST,linear,35,64,1,1.5,AdvancedCNN,2592202,-1,-1,164,617,4393,0.9948999881744385
MNIST,linear,35,64,1,1.5,AdvancedCNN,2592202,-1,-1,165,620,4420,0.994700014591217
MNIST,linear,35,64,1,1.5,AdvancedCNN,2592202,-1,-1,166,622,4447,0.9947999715805054
MNIST,linear,35,64,1,1.5,AdvancedCNN,2592202,-1,-1,167,625,4474,0.994700014591217
MNIST,linear,35,64,1,1.5,AdvancedCNN,2592202,-1,-1,168,630,4500,0.9944000244140625
MNIST,linear,35,64,1,1.5,AdvancedCNN,2592202,-1,-1,169,634,4527,0.9943000078201294
MNIST,linear,35,64,1,1.5,AdvancedCNN,2592202,-1,-1,170,636,4554,0.9941999912261963
MNIST,linear,35,64,1,1.5,AdvancedCNN,2592202,-1,-1,171,640,4581,0.9940999746322632
MNIST,linear,35,64,1,1.5,AdvancedCNN,2592202,-1,-1,172,643,4608,0.9945999979972839
MNIST,linear,35,64,1,1.5,AdvancedCNN,2592202,-1,-1,173,647,4634,0.9940999746322632
MNIST,linear,35,64,1,1.5,AdvancedCNN,2592202,-1,-1,174,651,4661,0.9945999979972839
MNIST,linear,35,64,1,1.5,AdvancedCNN,2592202,-1,-1,175,654,4688,0.9945999979972839
MNIST,linear,35,64,1,1.5,AdvancedCNN,2592202,-1,-1,176,657,4715,0.9944999814033508
MNIST,linear,35,64,1,1.5,AdvancedCNN,2592202,-1,-1,177,660,4742,0.9943000078201294
MNIST,linear,35,64,1,1.5,AdvancedCNN,2592202,-1,-1,178,664,4768,0.994700014591217
MNIST,linear,35,64,1,1.5,AdvancedCNN,2592202,-1,-1,179,667,4795,0.9947999715805054
MNIST,linear,35,64,1,1.5,AdvancedCNN,2592202,-1,-1,180,670,4822,0.9948999881744385
MNIST,linear,35,64,1,1.5,AdvancedCNN,2592202,-1,-1,181,672,4849,0.9947999715805054
MNIST,linear,35,64,1,1.5,AdvancedCNN,2592202,-1,-1,182,675,4875,0.9948999881744385
MNIST,linear,35,64,1,1.5,AdvancedCNN,2592202,-1,-1,183,678,4902,0.9947999715805054
MNIST,linear,35,64,1,1.5,AdvancedCNN,2592202,-1,-1,184,681,4929,0.9951000213623047
MNIST,linear,35,64,1,1.5,AdvancedCNN,2592202,-1,-1,185,684,4956,0.9952999949455261
MNIST,linear,35,64,1,1.5,AdvancedCNN,2592202,-1,-1,186,687,4983,0.9954000115394592
MNIST,linear,35,64,1,1.5,AdvancedCNN,2592202,-1,-1,187,690,5009,0.995199978351593
MNIST,linear,35,64,1,1.5,AdvancedCNN,2592202,-1,-1,188,693,5036,0.9945999979972839
MNIST,linear,35,64,1,1.5,AdvancedCNN,2592202,-1,-1,189,696,5063,0.9948999881744385
MNIST,linear,35,64,1,1.5,AdvancedCNN,2592202,-1,-1,190,700,5090,0.9945999979972839
MNIST,linear,35,64,1,1.5,AdvancedCNN,2592202,-1,-1,191,703,5117,0.9950000047683716
MNIST,linear,35,64,1,1.5,AdvancedCNN,2592202,-1,-1,192,706,5143,0.9951000213623047
MNIST,linear,35,64,1,1.5,AdvancedCNN,2592202,-1,-1,193,711,5170,0.9951000213623047
MNIST,linear,35,64,1,1.5,AdvancedCNN,2592202,-1,-1,194,715,5197,0.9948999881744385
MNIST,linear,35,64,1,1.5,AdvancedCNN,2592202,-1,-1,195,718,5224,0.9948999881744385
MNIST,linear,35,64,1,1.5,AdvancedCNN,2592202,-1,-1,196,721,5250,0.9950000047683716
MNIST,linear,35,64,1,1.5,AdvancedCNN,2592202,-1,-1,197,724,5277,0.9944000244140625
MNIST,linear,35,64,1,1.5,AdvancedCNN,2592202,-1,-1,198,728,5304,0.9945999979972839
MNIST,linear,35,64,1,1.5,AdvancedCNN,2592202,-1,-1,199,732,5331,0.9947999715805054
MNIST,linear,35,64,1,1.5,AdvancedCNN,2592202,-1,-1,200,735,5358,0.9947999715805054
MNIST,linear,35,64,1,1.5,AdvancedCNN,2592202,-1,-1,201,738,5384,0.9947999715805054
MNIST,linear,35,64,1,1.5,AdvancedCNN,2592202,-1,-1,202,741,5411,0.9945999979972839
MNIST,linear,35,64,1,1.5,AdvancedCNN,2592202,-1,-1,203,745,5438,0.9947999715805054
MNIST,linear,35,64,1,1.5,AdvancedCNN,2592202,-1,-1,204,748,5465,0.9948999881744385
MNIST,linear,35,64,1,1.5,AdvancedCNN,2592202,-1,-1,205,751,5492,0.9952999949455261
MNIST,linear,35,64,1,1.5,AdvancedCNN,2592202,-1,-1,206,754,5518,0.995199978351593
MNIST,linear,35,64,1,1.5,AdvancedCNN,2592202,-1,-1,207,758,5545,0.9951000213623047
MNIST,linear,35,64,1,1.5,AdvancedCNN,2592202,-1,-1,208,761,5572,0.9951000213623047
MNIST,linear,35,64,1,1.5,AdvancedCNN,2592202,-1,-1,209,764,5599,0.9952999949455261
MNIST,linear,35,64,1,1.5,AdvancedCNN,2592202,-1,-1,210,767,5625,0.9947999715805054
MNIST,linear,35,64,1,1.5,AdvancedCNN,2592202,-1,-1,211,771,5652,0.9952999949455261
MNIST,linear,35,64,1,1.5,AdvancedCNN,2592202,-1,-1,212,775,5679,0.9955000281333923
MNIST,linear,35,64,1,1.5,AdvancedCNN,2592202,-1,-1,213,779,5706,0.995199978351593
MNIST,linear,35,64,1,1.5,AdvancedCNN,2592202,-1,-1,214,782,5733,0.9954000115394592
MNIST,linear,35,64,1,1.5,AdvancedCNN,2592202,-1,-1,215,785,5759,0.9950000047683716
MNIST,linear,35,64,1,1.5,AdvancedCNN,2592202,-1,-1,216,788,5786,0.9948999881744385
MNIST,linear,35,64,1,1.5,AdvancedCNN,2592202,-1,-1,217,791,5813,0.9950000047683716
MNIST,linear,35,64,1,1.5,AdvancedCNN,2592202,-1,-1,218,795,5840,0.9948999881744385
MNIST,linear,35,64,1,1.5,AdvancedCNN,2592202,-1,-1,219,798,5867,0.9945999979972839
MNIST,linear,35,64,1,1.5,AdvancedCNN,2592202,-1,-1,220,800,5893,0.9947999715805054
MNIST,linear,35,64,1,1.5,AdvancedCNN,2592202,-1,-1,221,805,5920,0.9951000213623047
MNIST,linear,35,64,1,1.5,AdvancedCNN,2592202,-1,-1,222,808,5947,0.9950000047683716
MNIST,linear,35,64,1,1.5,AdvancedCNN,2592202,-1,-1,223,812,5974,0.9950000047683716
MNIST,linear,35,64,1,1.5,AdvancedCNN,2592202,-1,-1,224,816,6000,0.9948999881744385
MNIST,linear,35,64,1,1.5,AdvancedCNN,2592202,-1,-1,225,820,6027,0.9951000213623047
MNIST,linear,35,64,1,1.5,AdvancedCNN,2592202,-1,-1,226,823,6054,0.9951000213623047
MNIST,linear,35,64,1,1.5,AdvancedCNN,2592202,-1,-1,227,826,6081,0.9954000115394592
MNIST,linear,35,64,1,1.5,AdvancedCNN,2592202,-1,-1,228,828,6108,0.9952999949455261
MNIST,linear,35,64,1,1.5,AdvancedCNN,2592202,-1,-1,229,830,6134,0.9951000213623047
MNIST,linear,35,64,1,1.5,AdvancedCNN,2592202,-1,-1,230,834,6161,0.995199978351593
MNIST,linear,35,64,1,1.5,AdvancedCNN,2592202,-1,-1,231,837,6188,0.995199978351593
MNIST,linear,35,64,1,1.5,AdvancedCNN,2592202,-1,-1,232,841,6215,0.995199978351593
MNIST,linear,35,64,1,1.5,AdvancedCNN,2592202,-1,-1,233,845,6242,0.9951000213623047
MNIST,linear,35,64,1,1.5,AdvancedCNN,2592202,-1,-1,234,847,6268,0.995199978351593
MNIST,linear,35,64,1,1.5,AdvancedCNN,2592202,-1,-1,235,849,6295,0.9951000213623047
MNIST,linear,35,64,1,1.5,AdvancedCNN,2592202,-1,-1,236,852,6322,0.9948999881744385
MNIST,linear,35,64,1,1.5,AdvancedCNN,2592202,-1,-1,237,855,6349,0.9951000213623047
MNIST,linear,35,64,1,1.5,AdvancedCNN,2592202,-1,-1,238,858,6375,0.9954000115394592
MNIST,linear,35,64,1,1.5,AdvancedCNN,2592202,-1,-1,239,861,6402,0.9951000213623047
MNIST,linear,35,64,1,1.5,AdvancedCNN,2592202,-1,-1,240,866,6429,0.9944999814033508
MNIST,linear,35,64,1,1.5,AdvancedCNN,2592202,-1,-1,241,870,6456,0.994700014591217
MNIST,linear,35,64,1,1.5,AdvancedCNN,2592202,-1,-1,242,873,6483,0.9948999881744385
MNIST,linear,35,64,1,1.5,AdvancedCNN,2592202,-1,-1,243,876,6509,0.9945999979972839
MNIST,linear,35,64,1,1.5,AdvancedCNN,2592202,-1,-1,244,879,6536,0.9947999715805054
MNIST,linear,35,64,1,1.5,AdvancedCNN,2592202,-1,-1,245,883,6563,0.9943000078201294
MNIST,linear,35,64,1,1.5,AdvancedCNN,2592202,-1,-1,246,886,6590,0.9948999881744385
MNIST,linear,35,64,1,1.5,AdvancedCNN,2592202,-1,-1,247,889,6617,0.9947999715805054
MNIST,linear,35,64,1,1.5,AdvancedCNN,2592202,-1,-1,248,893,6643,0.9947999715805054
MNIST,linear,35,64,1,1.5,AdvancedCNN,2592202,-1,-1,249,896,6670,0.9951000213623047
MNIST,linear,35,64,1,1.5,AdvancedCNN,2592202,-1,-1,250,901,6697,0.9948999881744385
MNIST,linear,35,64,1,1.5,AdvancedCNN,2592202,-1,-1,251,905,6724,0.9950000047683716
MNIST,linear,35,64,1,1.5,AdvancedCNN,2592202,-1,-1,252,910,6750,0.994700014591217
MNIST,linear,35,64,1,1.5,AdvancedCNN,2592202,-1,-1,253,915,6777,0.9943000078201294
MNIST,linear,35,64,1,1.5,AdvancedCNN,2592202,-1,-1,254,919,6804,0.994700014591217
MNIST,linear,35,64,1,1.5,AdvancedCNN,2592202,-1,-1,255,924,6831,0.9944999814033508
MNIST,linear,35,64,1,1.5,AdvancedCNN,2592202,-1,-1,256,928,6858,0.9945999979972839
MNIST,linear,35,64,1,1.5,AdvancedCNN,2592202,-1,-1,257,932,6884,0.9944999814033508
MNIST,linear,35,64,1,1.5,AdvancedCNN,2592202,-1,-1,258,936,6911,0.9945999979972839
MNIST,linear,35,64,1,1.5,AdvancedCNN,2592202,-1,-1,259,940,6938,0.994700014591217
MNIST,linear,35,64,1,1.5,AdvancedCNN,2592202,-1,-1,260,944,6965,0.9947999715805054
MNIST,linear,35,64,1,1.5,AdvancedCNN,2592202,-1,-1,261,947,6992,0.9945999979972839
MNIST,linear,35,64,1,1.5,AdvancedCNN,2592202,-1,-1,262,952,7018,0.9945999979972839
MNIST,linear,35,64,1,1.5,AdvancedCNN,2592202,-1,-1,263,955,7045,0.9947999715805054
MNIST,linear,35,64,1,1.5,AdvancedCNN,2592202,-1,-1,264,959,7072,0.994700014591217
MNIST,linear,35,64,1,1.5,AdvancedCNN,2592202,-1,-1,265,961,7099,0.9945999979972839
MNIST,linear,35,64,1,1.5,AdvancedCNN,2592202,-1,-1,266,963,7125,0.9947999715805054
MNIST,linear,35,64,1,1.5,AdvancedCNN,2592202,-1,-1,267,965,7152,0.9944999814033508
MNIST,linear,35,64,1,1.5,AdvancedCNN,2592202,-1,-1,268,969,7179,0.9945999979972839
MNIST,linear,35,64,1,1.5,AdvancedCNN,2592202,-1,-1,269,973,7206,0.9947999715805054
MNIST,linear,35,64,1,1.5,AdvancedCNN,2592202,-1,-1,270,977,7233,0.994700014591217
MNIST,linear,35,64,1,1.5,AdvancedCNN,2592202,-1,-1,271,980,7259,0.9947999715805054
MNIST,linear,35,64,1,1.5,AdvancedCNN,2592202,-1,-1,272,984,7286,0.9945999979972839
MNIST,linear,35,64,1,1.5,AdvancedCNN,2592202,-1,-1,273,988,7313,0.9945999979972839
MNIST,linear,35,64,1,1.5,AdvancedCNN,2592202,-1,-1,274,992,7340,0.994700014591217
MNIST,linear,35,64,1,1.5,AdvancedCNN,2592202,-1,-1,275,995,7367,0.9947999715805054
MNIST,linear,35,64,1,1.5,AdvancedCNN,2592202,-1,-1,276,998,7393,0.9944999814033508
MNIST,linear,35,64,1,1.5,AdvancedCNN,2592202,-1,-1,277,1000,7420,0.994700014591217
MNIST,linear,35,64,1,1.5,AdvancedCNN,2592202,-1,-1,278,1003,7447,0.9950000047683716
MNIST,linear,35,64,1,1.5,AdvancedCNN,2592202,-1,-1,279,1007,7474,0.9947999715805054
MNIST,linear,35,64,1,1.5,AdvancedCNN,2592202,-1,-1,280,1011,7500,0.9950000047683716
MNIST,linear,35,64,1,1.5,AdvancedCNN,2592202,-1,-1,281,1014,7527,0.9951000213623047
MNIST,linear,35,64,1,1.5,AdvancedCNN,2592202,-1,-1,282,1017,7554,0.9948999881744385
MNIST,linear,35,64,1,1.5,AdvancedCNN,2592202,-1,-1,283,1019,7581,0.9947999715805054
MNIST,linear,35,64,1,1.5,AdvancedCNN,2592202,-1,-1,284,1023,7608,0.9950000047683716
MNIST,linear,35,64,1,1.5,AdvancedCNN,2592202,-1,-1,285,1026,7634,0.9952999949455261
MNIST,linear,35,64,1,1.5,AdvancedCNN,2592202,-1,-1,286,1029,7661,0.9947999715805054
MNIST,linear,35,64,1,1.5,AdvancedCNN,2592202,-1,-1,287,1032,7688,0.9951000213623047
MNIST,linear,35,64,1,1.5,AdvancedCNN,2592202,-1,-1,288,1036,7715,0.995199978351593
MNIST,linear,35,64,1,1.5,AdvancedCNN,2592202,-1,-1,289,1038,7742,0.9950000047683716
MNIST,linear,35,64,1,1.5,AdvancedCNN,2592202,-1,-1,290,1042,7768,0.9950000047683716
MNIST,linear,35,64,1,1.5,AdvancedCNN,2592202,-1,-1,291,1046,7795,0.9948999881744385
MNIST,linear,35,64,1,1.5,AdvancedCNN,2592202,-1,-1,292,1050,7822,0.9951000213623047
MNIST,linear,35,64,1,1.5,AdvancedCNN,2592202,-1,-1,293,1053,7849,0.9951000213623047
MNIST,linear,35,64,1,1.5,AdvancedCNN,2592202,-1,-1,294,1057,7875,0.9950000047683716
MNIST,linear,35,64,1,1.5,AdvancedCNN,2592202,-1,-1,295,1061,7902,0.994700014591217
MNIST,linear,35,64,1,1.5,AdvancedCNN,2592202,-1,-1,296,1064,7929,0.994700014591217
MNIST,linear,35,64,1,1.5,AdvancedCNN,2592202,-1,-1,297,1066,7956,0.9950000047683716
MNIST,linear,35,64,1,1.5,AdvancedCNN,2592202,-1,-1,298,1069,7983,0.9948999881744385
MNIST,linear,35,64,1,1.5,AdvancedCNN,2592202,-1,-1,299,1070,8009,0.9947999715805054
MNIST,linear,35,64,1,1.5,AdvancedCNN,2592202,-1,-1,300,1074,8036,0.9948999881744385
MNIST,linear,35,64,1,1.5,AdvancedCNN,2592202,-1,-1,301,1078,8063,0.994700014591217
MNIST,linear,35,64,1,1.5,AdvancedCNN,2592202,-1,-1,302,1082,8090,0.9950000047683716
MNIST,linear,35,64,1,1.5,AdvancedCNN,2592202,-1,-1,303,1085,8117,0.9947999715805054
MNIST,linear,35,64,1,1.5,AdvancedCNN,2592202,-1,-1,304,1088,8143,0.9947999715805054
MNIST,linear,35,64,1,1.5,AdvancedCNN,2592202,-1,-1,305,1092,8170,0.9951000213623047
MNIST,linear,35,64,1,1.5,AdvancedCNN,2592202,-1,-1,306,1096,8197,0.9951000213623047
MNIST,linear,35,64,1,1.5,AdvancedCNN,2592202,-1,-1,307,1100,8224,0.995199978351593
MNIST,linear,35,64,1,1.5,AdvancedCNN,2592202,-1,-1,308,1103,8250,0.9951000213623047
MNIST,linear,35,64,1,1.5,AdvancedCNN,2592202,-1,-1,309,1105,8277,0.9948999881744385
MNIST,linear,35,64,1,1.5,AdvancedCNN,2592202,-1,-1,310,1110,8304,0.9947999715805054
MNIST,linear,35,64,1,1.5,AdvancedCNN,2592202,-1,-1,311,1115,8331,0.9945999979972839
MNIST,linear,35,64,1,1.5,AdvancedCNN,2592202,-1,-1,312,1119,8358,0.9944999814033508
MNIST,linear,35,64,1,1.5,AdvancedCNN,2592202,-1,-1,313,1123,8384,0.994700014591217
MNIST,linear,35,64,1,1.5,AdvancedCNN,2592202,-1,-1,314,1126,8411,0.994700014591217
MNIST,linear,35,64,1,1.5,AdvancedCNN,2592202,-1,-1,315,1131,8438,0.9944999814033508
MNIST,linear,35,64,1,1.5,AdvancedCNN,2592202,-1,-1,316,1135,8465,0.9951000213623047
MNIST,linear,35,64,1,1.5,AdvancedCNN,2592202,-1,-1,317,1139,8492,0.9948999881744385
MNIST,linear,35,64,1,1.5,AdvancedCNN,2592202,-1,-1,318,1141,8518,0.994700014591217
MNIST,linear,35,64,1,1.5,AdvancedCNN,2592202,-1,-1,319,1144,8545,0.9944999814033508
MNIST,linear,35,64,1,1.5,AdvancedCNN,2592202,-1,-1,320,1146,8572,0.9945999979972839
MNIST,linear,35,64,1,1.5,AdvancedCNN,2592202,-1,-1,321,1148,8599,0.9944000244140625
MNIST,linear,35,64,1,1.5,AdvancedCNN,2592202,-1,-1,322,1151,8625,0.9943000078201294
MNIST,linear,35,64,1,1.5,AdvancedCNN,2592202,-1,-1,323,1154,8652,0.9944000244140625
MNIST,linear,35,64,1,1.5,AdvancedCNN,2592202,-1,-1,324,1157,8679,0.994700014591217
MNIST,linear,35,64,1,1.5,AdvancedCNN,2592202,-1,-1,325,1161,8706,0.9948999881744385
MNIST,linear,35,64,1,1.5,AdvancedCNN,2592202,-1,-1,326,1164,8733,0.9951000213623047
MNIST,linear,35,64,1,1.5,AdvancedCNN,2592202,-1,-1,327,1165,8759,0.9952999949455261
MNIST,linear,35,64,1,1.5,AdvancedCNN,2592202,-1,-1,328,1169,8786,0.9948999881744385
MNIST,linear,35,64,1,1.5,AdvancedCNN,2592202,-1,-1,329,1174,8813,0.9950000047683716
MNIST,linear,35,64,1,1.5,AdvancedCNN,2592202,-1,-1,330,1177,8840,0.9952999949455261
MNIST,linear,35,64,1,1.5,AdvancedCNN,2592202,-1,-1,331,1179,8867,0.9951000213623047
MNIST,linear,35,64,1,1.5,AdvancedCNN,2592202,-1,-1,332,1181,8893,0.995199978351593
MNIST,linear,35,64,1,1.5,AdvancedCNN,2592202,-1,-1,333,1184,8920,0.9954000115394592
MNIST,linear,35,64,1,1.5,AdvancedCNN,2592202,-1,-1,334,1187,8947,0.995199978351593
MNIST,linear,35,64,1,1.5,AdvancedCNN,2592202,-1,-1,335,1190,8974,0.9951000213623047
MNIST,linear,35,64,1,1.5,AdvancedCNN,2592202,-1,-1,336,1193,9000,0.9951000213623047
MNIST,linear,35,64,1,1.5,AdvancedCNN,2592202,-1,-1,337,1195,9027,0.995199978351593
MNIST,linear,35,64,1,1.5,AdvancedCNN,2592202,-1,-1,338,1198,9054,0.9951000213623047
MNIST,linear,35,64,1,1.5,AdvancedCNN,2592202,-1,-1,339,1200,9081,0.995199978351593
MNIST,linear,35,64,1,1.5,AdvancedCNN,2592202,-1,-1,340,1203,9108,0.9952999949455261
MNIST,linear,35,64,1,1.5,AdvancedCNN,2592202,-1,-1,341,1206,9134,0.9947999715805054
MNIST,linear,35,64,1,1.5,AdvancedCNN,2592202,-1,-1,342,1210,9161,0.9950000047683716
MNIST,linear,35,64,1,1.5,AdvancedCNN,2592202,-1,-1,343,1215,9188,0.9951000213623047
MNIST,linear,35,64,1,1.5,AdvancedCNN,2592202,-1,-1,344,1221,9215,0.9945999979972839
MNIST,linear,35,64,1,1.5,AdvancedCNN,2592202,-1,-1,345,1225,9242,0.9948999881744385
MNIST,linear,35,64,1,1.5,AdvancedCNN,2592202,-1,-1,346,1230,9268,0.9947999715805054
MNIST,linear,35,64,1,1.5,AdvancedCNN,2592202,-1,-1,347,1234,9295,0.9945999979972839
MNIST,linear,35,64,1,1.5,AdvancedCNN,2592202,-1,-1,348,1236,9322,0.9948999881744385
MNIST,linear,35,64,1,1.5,AdvancedCNN,2592202,-1,-1,349,1240,9349,0.9948999881744385
MNIST,linear,35,64,1,1.5,AdvancedCNN,2592202,-1,-1,350,1243,9375,0.9945999979972839
MNIST,linear,35,64,1,1.5,AdvancedCNN,2592202,-1,-1,351,1247,9402,0.9950000047683716
MNIST,linear,35,64,1,1.5,AdvancedCNN,2592202,-1,-1,352,1252,9429,0.994700014591217
MNIST,linear,35,64,1,1.5,AdvancedCNN,2592202,-1,-1,353,1256,9456,0.9947999715805054
MNIST,linear,35,64,1,1.5,AdvancedCNN,2592202,-1,-1,354,1260,9483,0.9950000047683716
MNIST,linear,35,64,1,1.5,AdvancedCNN,2592202,-1,-1,355,1263,9509,0.9950000047683716
MNIST,linear,35,64,1,1.5,AdvancedCNN,2592202,-1,-1,356,1268,9536,0.9951000213623047
MNIST,linear,35,64,1,1.5,AdvancedCNN,2592202,-1,-1,357,1273,9563,0.995199978351593
MNIST,linear,35,64,1,1.5,AdvancedCNN,2592202,-1,-1,358,1277,9590,0.9950000047683716
MNIST,linear,35,64,1,1.5,AdvancedCNN,2592202,-1,-1,359,1281,9617,0.9951000213623047
MNIST,linear,35,64,1,1.5,AdvancedCNN,2592202,-1,-1,360,1285,9643,0.9950000047683716
MNIST,linear,35,64,1,1.5,AdvancedCNN,2592202,-1,-1,361,1290,9670,0.9950000047683716
MNIST,linear,35,64,1,1.5,AdvancedCNN,2592202,-1,-1,362,1294,9697,0.9954000115394592
MNIST,linear,35,64,1,1.5,AdvancedCNN,2592202,-1,-1,363,1298,9724,0.9952999949455261
MNIST,linear,35,64,1,1.5,AdvancedCNN,2592202,-1,-1,364,1303,9750,0.9950000047683716
MNIST,linear,35,64,1,1.5,AdvancedCNN,2592202,-1,-1,365,1307,9777,0.9947999715805054
MNIST,linear,35,64,1,1.5,AdvancedCNN,2592202,-1,-1,366,1310,9804,0.9950000047683716
MNIST,linear,35,64,1,1.5,AdvancedCNN,2592202,-1,-1,367,1314,9831,0.9951000213623047
MNIST,linear,35,64,1,1.5,AdvancedCNN,2592202,-1,-1,368,1316,9858,0.9954000115394592
MNIST,linear,35,64,1,1.5,AdvancedCNN,2592202,-1,-1,369,1319,9884,0.9954000115394592
MNIST,linear,35,64,1,1.5,AdvancedCNN,2592202,-1,-1,370,1324,9911,0.995199978351593
MNIST,linear,35,64,1,1.5,AdvancedCNN,2592202,-1,-1,371,1327,9938,0.9950000047683716
MNIST,linear,35,64,1,1.5,AdvancedCNN,2592202,-1,-1,372,1330,9965,0.9951000213623047
MNIST,linear,35,64,1,1.5,AdvancedCNN,2592202,-1,-1,373,1334,9992,0.9951000213623047
MNIST,linear,35,64,1,1.5,AdvancedCNN,2592202,-1,-1,374,1338,10018,0.9950000047683716
MNIST,linear,35,64,1,1.5,AdvancedCNN,2592202,-1,-1,375,1342,10045,0.9948999881744385
MNIST,linear,35,64,1,1.5,AdvancedCNN,2592202,-1,-1,376,1346,10072,0.9951000213623047
MNIST,linear,35,64,1,1.5,AdvancedCNN,2592202,-1,-1,377,1350,10099,0.9952999949455261
MNIST,linear,35,64,1,1.5,AdvancedCNN,2592202,-1,-1,378,1354,10125,0.9952999949455261
MNIST,linear,35,64,1,1.5,AdvancedCNN,2592202,-1,-1,379,1356,10152,0.995199978351593
MNIST,linear,35,64,1,1.5,AdvancedCNN,2592202,-1,-1,380,1359,10179,0.9954000115394592
MNIST,linear,35,64,1,1.5,AdvancedCNN,2592202,-1,-1,381,1362,10206,0.9957000017166138
MNIST,linear,35,64,1,1.5,AdvancedCNN,2592202,-1,-1,382,1364,10233,0.9957000017166138
MNIST,linear,35,64,1,1.5,AdvancedCNN,2592202,-1,-1,383,1366,10259,0.9957000017166138
MNIST,linear,35,64,1,1.5,AdvancedCNN,2592202,-1,-1,384,1370,10286,0.9952999949455261
MNIST,linear,35,64,1,1.5,AdvancedCNN,2592202,-1,-1,385,1373,10313,0.9954000115394592
MNIST,linear,35,64,1,1.5,AdvancedCNN,2592202,-1,-1,386,1376,10340,0.9954000115394592
MNIST,linear,35,64,1,1.5,AdvancedCNN,2592202,-1,-1,387,1380,10367,0.9952999949455261
MNIST,linear,35,64,1,1.5,AdvancedCNN,2592202,-1,-1,388,1383,10393,0.9952999949455261
MNIST,linear,35,64,1,1.5,AdvancedCNN,2592202,-1,-1,389,1387,10420,0.9954000115394592
MNIST,linear,35,64,1,1.5,AdvancedCNN,2592202,-1,-1,390,1391,10447,0.9955000281333923
MNIST,linear,35,64,1,1.5,AdvancedCNN,2592202,-1,-1,391,1395,10474,0.9955999851226807
MNIST,linear,35,64,1,1.5,AdvancedCNN,2592202,-1,-1,392,1399,10500,0.9958000183105469
MNIST,linear,35,64,1,1.5,AdvancedCNN,2592202,-1,-1,393,1404,10527,0.9952999949455261
MNIST,linear,35,64,1,1.5,AdvancedCNN,2592202,-1,-1,394,1407,10554,0.9954000115394592
MNIST,linear,35,64,1,1.5,AdvancedCNN,2592202,-1,-1,395,1411,10581,0.9955999851226807
MNIST,linear,35,64,1,1.5,AdvancedCNN,2592202,-1,-1,396,1414,10608,0.9954000115394592
MNIST,linear,35,64,1,1.5,AdvancedCNN,2592202,-1,-1,397,1417,10634,0.9958000183105469
MNIST,linear,35,64,1,1.5,AdvancedCNN,2592202,-1,-1,398,1419,10661,0.9952999949455261
MNIST,linear,35,64,1,1.5,AdvancedCNN,2592202,-1,-1,399,1423,10688,0.9950000047683716
MNIST,linear,35,64,1,1.5,AdvancedCNN,2592202,-1,-1,400,1426,10715,0.9954000115394592
MNIST,linear,35,64,1,1.5,AdvancedCNN,2592202,-1,-1,401,1429,10742,0.9951000213623047
MNIST,linear,35,64,1,1.5,AdvancedCNN,2592202,-1,-1,402,1432,10768,0.9952999949455261
MNIST,linear,35,64,1,1.5,AdvancedCNN,2592202,-1,-1,403,1434,10795,0.9957000017166138
MNIST,linear,35,64,1,1.5,AdvancedCNN,2592202,-1,-1,404,1436,10822,0.9955999851226807
MNIST,linear,35,64,1,1.5,AdvancedCNN,2592202,-1,-1,405,1439,10849,0.9955000281333923
MNIST,linear,35,64,1,1.5,AdvancedCNN,2592202,-1,-1,406,1440,10875,0.9950000047683716
MNIST,linear,35,64,1,1.5,AdvancedCNN,2592202,-1,-1,407,1444,10902,0.995199978351593
MNIST,linear,35,64,1,1.5,AdvancedCNN,2592202,-1,-1,408,1446,10929,0.995199978351593
MNIST,linear,35,64,1,1.5,AdvancedCNN,2592202,-1,-1,409,1450,10956,0.9955000281333923
MNIST,linear,35,64,1,1.5,AdvancedCNN,2592202,-1,-1,410,1452,10983,0.9955000281333923
MNIST,linear,35,64,1,1.5,AdvancedCNN,2592202,-1,-1,411,1456,11009,0.9954000115394592
MNIST,linear,35,64,1,1.5,AdvancedCNN,2592202,-1,-1,412,1459,11036,0.9952999949455261
MNIST,linear,35,64,1,1.5,AdvancedCNN,2592202,-1,-1,413,1462,11063,0.9952999949455261
MNIST,linear,35,64,1,1.5,AdvancedCNN,2592202,-1,-1,414,1466,11090,0.9952999949455261
MNIST,linear,35,64,1,1.5,AdvancedCNN,2592202,-1,-1,415,1470,11117,0.9954000115394592
MNIST,linear,35,64,1,1.5,AdvancedCNN,2592202,-1,-1,416,1472,11143,0.9952999949455261
MNIST,linear,35,64,1,1.5,AdvancedCNN,2592202,-1,-1,417,1475,11170,0.995199978351593
MNIST,linear,35,64,1,1.5,AdvancedCNN,2592202,-1,-1,418,1478,11197,0.9952999949455261
MNIST,linear,35,64,1,1.5,AdvancedCNN,2592202,-1,-1,419,1481,11224,0.995199978351593
MNIST,linear,35,64,1,1.5,AdvancedCNN,2592202,-1,-1,420,1484,11250,0.9954000115394592
MNIST,linear,35,64,1,1.5,AdvancedCNN,2592202,-1,-1,421,1486,11277,0.9952999949455261
MNIST,linear,35,64,1,1.5,AdvancedCNN,2592202,-1,-1,422,1488,11304,0.995199978351593
MNIST,linear,35,64,1,1.5,AdvancedCNN,2592202,-1,-1,423,1489,11331,0.9952999949455261
MNIST,linear,35,64,1,1.5,AdvancedCNN,2592202,-1,-1,424,1491,11358,0.9952999949455261
MNIST,linear,35,64,1,1.5,AdvancedCNN,2592202,-1,-1,425,1494,11384,0.9954000115394592
MNIST,linear,35,64,1,1.5,AdvancedCNN,2592202,-1,-1,426,1497,11411,0.9954000115394592
MNIST,linear,35,64,1,1.5,AdvancedCNN,2592202,-1,-1,427,1499,11438,0.9951000213623047
MNIST,linear,35,64,1,1.5,AdvancedCNN,2592202,-1,-1,428,1501,11465,0.9951000213623047
MNIST,linear,35,64,1,1.5,AdvancedCNN,2592202,-1,-1,429,1504,11492,0.995199978351593
MNIST,linear,35,64,1,1.5,AdvancedCNN,2592202,-1,-1,430,1508,11518,0.995199978351593
MNIST,linear,35,64,1,1.5,AdvancedCNN,2592202,-1,-1,431,1513,11545,0.9957000017166138
MNIST,linear,35,64,1,1.5,AdvancedCNN,2592202,-1,-1,432,1516,11572,0.995199978351593
MNIST,linear,35,64,1,1.5,AdvancedCNN,2592202,-1,-1,433,1521,11599,0.9950000047683716
MNIST,linear,35,64,1,1.5,AdvancedCNN,2592202,-1,-1,434,1523,11625,0.995199978351593
MNIST,linear,35,64,1,1.5,AdvancedCNN,2592202,-1,-1,435,1526,11652,0.9951000213623047
MNIST,linear,35,64,1,1.5,AdvancedCNN,2592202,-1,-1,436,1528,11679,0.9951000213623047
MNIST,linear,35,64,1,1.5,AdvancedCNN,2592202,-1,-1,437,1528,11706,0.9950000047683716
MNIST,linear,35,64,1,1.5,AdvancedCNN,2592202,-1,-1,438,1529,11733,0.9950000047683716
MNIST,linear,35,64,1,1.5,AdvancedCNN,2592202,-1,-1,439,1531,11759,0.9951000213623047
MNIST,linear,35,64,1,1.5,AdvancedCNN,2592202,-1,-1,440,1533,11786,0.9951000213623047
MNIST,linear,35,64,1,1.5,AdvancedCNN,2592202,-1,-1,441,1535,11813,0.9952999949455261
MNIST,linear,35,64,1,1.5,AdvancedCNN,2592202,-1,-1,442,1539,11840,0.9954000115394592
MNIST,linear,35,64,1,1.5,AdvancedCNN,2592202,-1,-1,443,1544,11867,0.9955000281333923
MNIST,linear,35,64,1,1.5,AdvancedCNN,2592202,-1,-1,444,1548,11893,0.9955000281333923
MNIST,linear,35,64,1,1.5,AdvancedCNN,2592202,-1,-1,445,1552,11920,0.9955999851226807
MNIST,linear,35,64,1,1.5,AdvancedCNN,2592202,-1,-1,446,1555,11947,0.9955000281333923
MNIST,linear,35,64,1,1.5,AdvancedCNN,2592202,-1,-1,447,1558,11974,0.9955999851226807
MNIST,linear,35,64,1,1.5,AdvancedCNN,2592202,-1,-1,448,1560,12000,0.9957000017166138
MNIST,linear,35,64,1,1.5,AdvancedCNN,2592202,-1,-1,449,1561,12027,0.9957000017166138
MNIST,linear,35,64,1,1.5,AdvancedCNN,2592202,-1,-1,450,1566,12054,0.9955999851226807
MNIST,linear,35,64,1,1.5,AdvancedCNN,2592202,-1,-1,451,1570,12081,0.9955999851226807
MNIST,linear,35,64,1,1.5,AdvancedCNN,2592202,-1,-1,452,1573,12108,0.9955000281333923
MNIST,linear,35,64,1,1.5,AdvancedCNN,2592202,-1,-1,453,1576,12134,0.9955000281333923
MNIST,linear,35,64,1,1.5,AdvancedCNN,2592202,-1,-1,454,1581,12161,0.9954000115394592
MNIST,linear,35,64,1,1.5,AdvancedCNN,2592202,-1,-1,455,1586,12188,0.9955999851226807
MNIST,linear,35,64,1,1.5,AdvancedCNN,2592202,-1,-1,456,1589,12215,0.9957000017166138
MNIST,linear,35,64,1,1.5,AdvancedCNN,2592202,-1,-1,457,1594,12242,0.9958000183105469
MNIST,linear,35,64,1,1.5,AdvancedCNN,2592202,-1,-1,458,1597,12268,0.9958000183105469
MNIST,linear,35,64,1,1.5,AdvancedCNN,2592202,-1,-1,459,1600,12295,0.9955000281333923
MNIST,linear,35,64,1,1.5,AdvancedCNN,2592202,-1,-1,460,1603,12322,0.9957000017166138
MNIST,linear,35,64,1,1.5,AdvancedCNN,2592202,-1,-1,461,1606,12349,0.9955999851226807
MNIST,linear,35,64,1,1.5,AdvancedCNN,2592202,-1,-1,462,1609,12375,0.9955000281333923
MNIST,linear,35,64,1,1.5,AdvancedCNN,2592202,-1,-1,463,1612,12402,0.9955999851226807
MNIST,linear,35,64,1,1.5,AdvancedCNN,2592202,-1,-1,464,1614,12429,0.9957000017166138
MNIST,linear,35,64,1,1.5,AdvancedCNN,2592202,-1,-1,465,1620,12456,0.9955999851226807
MNIST,linear,35,64,1,1.5,AdvancedCNN,2592202,-1,-1,466,1624,12483,0.9955000281333923
MNIST,linear,35,64,1,1.5,AdvancedCNN,2592202,-1,-1,467,1626,12509,0.9957000017166138
MNIST,linear,35,64,1,1.5,AdvancedCNN,2592202,-1,-1,468,1630,12536,0.9958000183105469
MNIST,linear,35,64,1,1.5,AdvancedCNN,2592202,-1,-1,469,1634,12563,0.9957000017166138
MNIST,linear,35,64,1,1.5,AdvancedCNN,2592202,-1,-1,470,1637,12590,0.9955999851226807
MNIST,linear,35,64,1,1.5,AdvancedCNN,2592202,-1,-1,471,1641,12617,0.9958000183105469
MNIST,linear,35,64,1,1.5,AdvancedCNN,2592202,-1,-1,472,1645,12643,0.9952999949455261
MNIST,linear,35,64,1,1.5,AdvancedCNN,2592202,-1,-1,473,1648,12670,0.9957000017166138
MNIST,linear,35,64,1,1.5,AdvancedCNN,2592202,-1,-1,474,1651,12697,0.9955999851226807
MNIST,linear,35,64,1,1.5,AdvancedCNN,2592202,-1,-1,475,1653,12724,0.9954000115394592
MNIST,linear,35,64,1,1.5,AdvancedCNN,2592202,-1,-1,476,1656,12750,0.9955999851226807
MNIST,linear,35,64,1,1.5,AdvancedCNN,2592202,-1,-1,477,1661,12777,0.9957000017166138
MNIST,linear,35,64,1,1.5,AdvancedCNN,2592202,-1,-1,478,1665,12804,0.9957000017166138
MNIST,linear,35,64,1,1.5,AdvancedCNN,2592202,-1,-1,479,1669,12831,0.995199978351593
MNIST,linear,35,64,1,1.5,AdvancedCNN,2592202,-1,-1,480,1674,12858,0.9952999949455261
MNIST,linear,35,64,1,1.5,AdvancedCNN,2592202,-1,-1,481,1678,12884,0.9951000213623047
MNIST,linear,35,64,1,1.5,AdvancedCNN,2592202,-1,-1,482,1683,12911,0.9947999715805054
MNIST,linear,35,64,1,1.5,AdvancedCNN,2592202,-1,-1,483,1688,12938,0.9947999715805054
MNIST,linear,35,64,1,1.5,AdvancedCNN,2592202,-1,-1,484,1693,12965,0.9950000047683716
MNIST,linear,35,64,1,1.5,AdvancedCNN,2592202,-1,-1,485,1697,12992,0.9950000047683716
MNIST,linear,35,64,1,1.5,AdvancedCNN,2592202,-1,-1,486,1699,13018,0.995199978351593
MNIST,linear,35,64,1,1.5,AdvancedCNN,2592202,-1,-1,487,1701,13045,0.995199978351593
MNIST,linear,35,64,1,1.5,AdvancedCNN,2592202,-1,-1,488,1704,13072,0.9954000115394592
MNIST,linear,35,64,1,1.5,AdvancedCNN,2592202,-1,-1,489,1708,13099,0.9955000281333923
MNIST,linear,35,64,1,1.5,AdvancedCNN,2592202,-1,-1,490,1710,13125,0.9955000281333923
MNIST,linear,35,64,1,1.5,AdvancedCNN,2592202,-1,-1,491,1715,13152,0.9951000213623047
MNIST,linear,35,64,1,1.5,AdvancedCNN,2592202,-1,-1,492,1718,13179,0.9951000213623047
MNIST,linear,35,64,1,1.5,AdvancedCNN,2592202,-1,-1,493,1721,13206,0.9952999949455261
MNIST,linear,35,64,1,1.5,AdvancedCNN,2592202,-1,-1,494,1724,13233,0.9952999949455261
MNIST,linear,35,64,1,1.5,AdvancedCNN,2592202,-1,-1,495,1728,13259,0.9951000213623047
MNIST,linear,35,64,1,1.5,AdvancedCNN,2592202,-1,-1,496,1731,13286,0.9952999949455261
MNIST,linear,35,64,1,1.5,AdvancedCNN,2592202,-1,-1,497,1736,13313,0.9951000213623047
MNIST,linear,35,64,1,1.5,AdvancedCNN,2592202,-1,-1,498,1739,13340,0.9952999949455261
MNIST,linear,35,64,1,1.5,AdvancedCNN,2592202,-1,-1,499,1742,13367,0.9948999881744385
MNIST,linear,35,64,1,1.5,AdvancedCNN,2592202,-1,-1,500,1746,13393,0.9950000047683716
MNIST,linear,35,64,1,1.5,AdvancedCNN,2592202,-1,-1,501,1749,13420,0.9950000047683716
MNIST,linear,35,64,1,1.5,AdvancedCNN,2592202,-1,-1,502,1752,13447,0.994700014591217
MNIST,linear,35,64,1,1.5,AdvancedCNN,2592202,-1,-1,503,1754,13474,0.9947999715805054
MNIST,linear,35,64,1,1.5,AdvancedCNN,2592202,-1,-1,504,1757,13500,0.994700014591217
MNIST,linear,35,64,1,1.5,AdvancedCNN,2592202,-1,-1,505,1762,13527,0.9951000213623047
MNIST,linear,35,64,1,1.5,AdvancedCNN,2592202,-1,-1,506,1765,13554,0.9951000213623047
MNIST,linear,35,64,1,1.5,AdvancedCNN,2592202,-1,-1,507,1768,13581,0.9950000047683716
MNIST,linear,35,64,1,1.5,AdvancedCNN,2592202,-1,-1,508,1770,13608,0.9950000047683716
MNIST,linear,35,64,1,1.5,AdvancedCNN,2592202,-1,-1,509,1773,13634,0.9951000213623047
MNIST,linear,35,64,1,1.5,AdvancedCNN,2592202,-1,-1,510,1775,13661,0.9950000047683716
MNIST,linear,35,64,1,1.5,AdvancedCNN,2592202,-1,-1,511,1778,13688,0.9948999881744385
MNIST,linear,35,64,1,1.5,AdvancedCNN,2592202,-1,-1,512,1782,13715,0.9954000115394592
MNIST,linear,35,64,1,1.5,AdvancedCNN,2592202,-1,-1,513,1786,13742,0.9948999881744385
MNIST,linear,35,64,1,1.5,AdvancedCNN,2592202,-1,-1,514,1789,13768,0.9951000213623047
MNIST,linear,35,64,1,1.5,AdvancedCNN,2592202,-1,-1,515,1790,13795,0.9955000281333923
MNIST,linear,35,64,1,1.5,AdvancedCNN,2592202,-1,-1,516,1793,13822,0.9954000115394592
MNIST,linear,35,64,1,1.5,AdvancedCNN,2592202,-1,-1,517,1796,13849,0.9952999949455261
MNIST,linear,35,64,1,1.5,AdvancedCNN,2592202,-1,-1,518,1799,13875,0.995199978351593
MNIST,linear,35,64,1,1.5,AdvancedCNN,2592202,-1,-1,519,1802,13902,0.9952999949455261
MNIST,linear,35,64,1,1.5,AdvancedCNN,2592202,-1,-1,520,1804,13929,0.9952999949455261
MNIST,linear,35,64,1,1.5,AdvancedCNN,2592202,-1,-1,521,1805,13956,0.9952999949455261
MNIST,linear,35,64,1,1.5,AdvancedCNN,2592202,-1,-1,522,1806,13983,0.9952999949455261
MNIST,linear,35,64,1,1.5,AdvancedCNN,2592202,-1,-1,523,1809,14009,0.995199978351593
MNIST,linear,35,64,1,1.5,AdvancedCNN,2592202,-1,-1,524,1812,14036,0.9952999949455261
MNIST,linear,35,64,1,1.5,AdvancedCNN,2592202,-1,-1,525,1815,14063,0.9955999851226807
MNIST,linear,35,64,1,1.5,AdvancedCNN,2592202,-1,-1,526,1818,14090,0.9955000281333923
MNIST,linear,35,64,1,1.5,AdvancedCNN,2592202,-1,-1,527,1823,14117,0.9954000115394592
MNIST,linear,35,64,1,1.5,AdvancedCNN,2592202,-1,-1,528,1826,14143,0.9955000281333923
MNIST,linear,35,64,1,1.5,AdvancedCNN,2592202,-1,-1,529,1829,14170,0.9955000281333923
MNIST,linear,35,64,1,1.5,AdvancedCNN,2592202,-1,-1,530,1831,14197,0.9955000281333923
MNIST,linear,35,64,1,1.5,AdvancedCNN,2592202,-1,-1,531,1835,14224,0.9957000017166138
MNIST,linear,35,64,1,1.5,AdvancedCNN,2592202,-1,-1,532,1838,14250,0.9957000017166138
MNIST,linear,35,64,1,1.5,AdvancedCNN,2592202,-1,-1,533,1839,14277,0.9957000017166138
MNIST,linear,35,64,1,1.5,AdvancedCNN,2592202,-1,-1,534,1839,14304,0.9957000017166138
MNIST,linear,35,64,1,1.5,AdvancedCNN,2592202,-1,-1,535,1841,14331,0.9954000115394592
MNIST,linear,35,64,1,1.5,AdvancedCNN,2592202,-1,-1,536,1846,14358,0.9957000017166138
MNIST,linear,35,64,1,1.5,AdvancedCNN,2592202,-1,-1,537,1848,14384,0.9957000017166138
MNIST,linear,35,64,1,1.5,AdvancedCNN,2592202,-1,-1,538,1850,14411,0.9955000281333923
MNIST,linear,35,64,1,1.5,AdvancedCNN,2592202,-1,-1,539,1852,14438,0.9955999851226807
MNIST,linear,35,64,1,1.5,AdvancedCNN,2592202,-1,-1,540,1855,14465,0.9954000115394592
MNIST,linear,35,64,1,1.5,AdvancedCNN,2592202,-1,-1,541,1861,14492,0.9952999949455261
MNIST,linear,35,64,1,1.5,AdvancedCNN,2592202,-1,-1,542,1863,14518,0.9951000213623047
MNIST,linear,35,64,1,1.5,AdvancedCNN,2592202,-1,-1,543,1864,14545,0.995199978351593
MNIST,linear,35,64,1,1.5,AdvancedCNN,2592202,-1,-1,544,1867,14572,0.9951000213623047
MNIST,linear,35,64,1,1.5,AdvancedCNN,2592202,-1,-1,545,1870,14599,0.995199978351593
MNIST,linear,35,64,1,1.5,AdvancedCNN,2592202,-1,-1,546,1872,14625,0.9955999851226807
MNIST,linear,35,64,1,1.5,AdvancedCNN,2592202,-1,-1,547,1873,14652,0.9952999949455261
MNIST,linear,35,64,1,1.5,AdvancedCNN,2592202,-1,-1,548,1874,14679,0.9954000115394592
MNIST,linear,35,64,1,1.5,AdvancedCNN,2592202,-1,-1,549,1877,14706,0.9955999851226807
MNIST,linear,35,64,1,1.5,AdvancedCNN,2592202,-1,-1,550,1879,14733,0.9952999949455261
MNIST,linear,35,64,1,1.5,AdvancedCNN,2592202,-1,-1,551,1882,14759,0.9952999949455261
MNIST,linear,35,64,1,1.5,AdvancedCNN,2592202,-1,-1,552,1885,14786,0.9954000115394592
MNIST,linear,35,64,1,1.5,AdvancedCNN,2592202,-1,-1,553,1887,14813,0.9955000281333923
MNIST,linear,35,64,1,1.5,AdvancedCNN,2592202,-1,-1,554,1890,14840,0.9955999851226807
MNIST,linear,35,64,1,1.5,AdvancedCNN,2592202,-1,-1,555,1895,14867,0.9954000115394592
MNIST,linear,35,64,1,1.5,AdvancedCNN,2592202,-1,-1,556,1897,14893,0.9955999851226807
MNIST,linear,35,64,1,1.5,AdvancedCNN,2592202,-1,-1,557,1900,14920,0.9957000017166138
MNIST,linear,35,64,1,1.5,AdvancedCNN,2592202,-1,-1,558,1902,14947,0.9952999949455261
MNIST,linear,35,64,1,1.5,AdvancedCNN,2592202,-1,-1,559,1903,14974,0.9954000115394592
MNIST,linear,35,64,1,1.5,AdvancedCNN,2592202,-1,-1,560,1905,15000,0.9955000281333923
MNIST,linear,35,64,1,1.5,AdvancedCNN,2592202,-1,-1,561,1907,15027,0.9955999851226807
MNIST,linear,35,64,1,1.5,AdvancedCNN,2592202,-1,-1,562,1909,15054,0.9954000115394592
MNIST,linear,35,64,1,1.5,AdvancedCNN,2592202,-1,-1,563,1911,15081,0.9951000213623047
MNIST,linear,35,64,1,1.5,AdvancedCNN,2592202,-1,-1,564,1914,15108,0.9952999949455261
MNIST,linear,35,64,1,1.5,AdvancedCNN,2592202,-1,-1,565,1916,15134,0.995199978351593
MNIST,linear,35,64,1,1.5,AdvancedCNN,2592202,-1,-1,566,1918,15161,0.9957000017166138
MNIST,linear,35,64,1,1.5,AdvancedCNN,2592202,-1,-1,567,1922,15188,0.9958999752998352
MNIST,linear,35,64,1,1.5,AdvancedCNN,2592202,-1,-1,568,1926,15215,0.9958999752998352
MNIST,linear,35,64,1,1.5,AdvancedCNN,2592202,-1,-1,569,1930,15242,0.9958999752998352
MNIST,linear,35,64,1,1.5,AdvancedCNN,2592202,-1,-1,570,1933,15268,0.9958999752998352
MNIST,linear,35,64,1,1.5,AdvancedCNN,2592202,-1,-1,571,1936,15295,0.9957000017166138
MNIST,linear,35,64,1,1.5,AdvancedCNN,2592202,-1,-1,572,1940,15322,0.9957000017166138
MNIST,linear,35,64,1,1.5,AdvancedCNN,2592202,-1,-1,573,1943,15349,0.9958000183105469
MNIST,linear,35,64,1,1.5,AdvancedCNN,2592202,-1,-1,574,1945,15375,0.9957000017166138
MNIST,linear,35,64,1,1.5,AdvancedCNN,2592202,-1,-1,575,1948,15402,0.9958000183105469
MNIST,linear,35,64,1,1.5,AdvancedCNN,2592202,-1,-1,576,1951,15429,0.9954000115394592
MNIST,linear,35,64,1,1.5,AdvancedCNN,2592202,-1,-1,577,1953,15456,0.9955000281333923
MNIST,linear,35,64,1,1.5,AdvancedCNN,2592202,-1,-1,578,1953,15483,0.9952999949455261
MNIST,linear,35,64,1,1.5,AdvancedCNN,2592202,-1,-1,579,1955,15509,0.9954000115394592
MNIST,linear,35,64,1,1.5,AdvancedCNN,2592202,-1,-1,580,1956,15536,0.9954000115394592
MNIST,linear,35,64,1,1.5,AdvancedCNN,2592202,-1,-1,581,1956,15563,0.9952999949455261
MNIST,linear,35,64,1,1.5,AdvancedCNN,2592202,-1,-1,582,1958,15590,0.9955999851226807
MNIST,linear,35,64,1,1.5,AdvancedCNN,2592202,-1,-1,583,1962,15617,0.9955000281333923
MNIST,linear,35,64,1,1.5,AdvancedCNN,2592202,-1,-1,584,1966,15643,0.9955999851226807
MNIST,linear,35,64,1,1.5,AdvancedCNN,2592202,-1,-1,585,1970,15670,0.9955999851226807
MNIST,linear,35,64,1,1.5,AdvancedCNN,2592202,-1,-1,586,1974,15697,0.9957000017166138
MNIST,linear,35,64,1,1.5,AdvancedCNN,2592202,-1,-1,587,1978,15724,0.9958000183105469
MNIST,linear,35,64,1,1.5,AdvancedCNN,2592202,-1,-1,588,1983,15750,0.9958000183105469
MNIST,linear,35,64,1,1.5,AdvancedCNN,2592202,-1,-1,589,1986,15777,0.9958999752998352
MNIST,linear,35,64,1,1.5,AdvancedCNN,2592202,-1,-1,590,1990,15804,0.9958000183105469
MNIST,linear,35,64,1,1.5,AdvancedCNN,2592202,-1,-1,591,1993,15831,0.9958999752998352
MNIST,linear,35,64,1,1.5,AdvancedCNN,2592202,-1,-1,592,1996,15858,0.9962000250816345
MNIST,linear,35,64,1,1.5,AdvancedCNN,2592202,-1,-1,593,1998,15884,0.9959999918937683
MNIST,linear,35,64,1,1.5,AdvancedCNN,2592202,-1,-1,594,2000,15911,0.9961000084877014
MNIST,linear,35,64,1,1.5,AdvancedCNN,2592202,-1,-1,595,2004,15938,0.9959999918937683
MNIST,linear,35,64,1,1.5,AdvancedCNN,2592202,-1,-1,596,2010,15965,0.9961000084877014
MNIST,linear,35,64,1,1.5,AdvancedCNN,2592202,-1,-1,597,2014,15992,0.9958000183105469
MNIST,linear,35,64,1,1.5,AdvancedCNN,2592202,-1,-1,598,2019,16018,0.9958999752998352
MNIST,linear,35,64,1,1.5,AdvancedCNN,2592202,-1,-1,599,2023,16045,0.9962000250816345
MNIST,linear,35,64,1,1.5,AdvancedCNN,2592202,-1,-1,600,2027,16072,0.9958999752998352
